id,group,scenario,ctrl,params_json,P_raw_kW,P_filtered_kW,filter_kW,E_raw_kWh,E_filtered_kWh,T_gt1_s,T_gt50_s,T_gt100_s,T_gt350_s,SOC_final,SOC_min,SOC_max,throughput_kWh,u_total_variation,source_violation_kW,fallback_pct,EFC,soc_prediction_max_error_pp,soc_sign_mismatches,soc_prediction_violation_pp,ineq_residual,eq_residual,hess_cond,constraint_gram_cond,cycle_first_s,cycle_p50_s,cycle_p95_s,cycle_p99_s,cycle_max_s,qp_first_s,qp_p50_s,qp_p95_s,qp_p99_s,qp_max_s,assembly_first_s,assembly_p50_s,assembly_p95_s,assembly_p99_s,assembly_max_s,overruns,evidence,campaign,recovery_event_starts_s,recovery_s,SOC_at_events
j00547,windows,diploee_facility_window01,heuristico,{},4.810456071489199,4.810456071489199,1,0.0996092524947815,0.09319229021047026,199,0,0,0,58.44617038008592,58.44617038008592,60,7.38069069459149,393.1312200600778,0,0,0.00738069069459149,nan,0,nan,nan,nan,nan,nan,4.88e-05,8.1e-06,9.75e-06,1.685e-05,4.88e-05,nan,nan,nan,nan,nan,nan,nan,nan,nan,nan,0,05_resultados\revisao_operacional\campanha_v1\j00547.mat,campanha_v1,,,
j00548,windows,diploee_facility_window01,heuristico_foresight,{},4.808090582831625,4.808090582831625,1,0.09814758798362416,0.09157842101921512,197,0,0,0,58.44291001868436,58.44291001868436,60,7.396177411249016,393.1312200600778,0,0,0.007396177411249016,nan,0,nan,nan,nan,nan,nan,5.09e-05,9.1e-06,1.025e-05,1.41e-05,5.09e-05,nan,nan,nan,nan,nan,nan,nan,nan,nan,nan,0,05_resultados\revisao_operacional\campanha_v1\j00548.mat,campanha_v1,,,
j00549,windows,diploee_facility_window01,miope_qp,{},6.931318745273529e-05,0,1,5.809880826903035e-06,0,0,0,0,0,58.39171760591652,58.39171760591652,60.06397564949811,9.405581409853406,564.8924549729214,0,0,0.009405581409853406,nan,0,nan,nan,nan,nan,nan,0.0012698,0.0006006,0.0007260999999999999,0.00091785,0.0012698,0.0011152,0.0005337,0.0006456,0.00082255,0.0011152,nan,nan,nan,nan,nan,0,05_resultados\revisao_operacional\campanha_v1\j00549.mat,campanha_v1,,,
j00550,windows,diploee_facility_window01,mpc_qp_v5,{},0.004791089564832873,0,1,3.811020500607781e-06,0,0,0,0,0,57.69298280942389,57.69298280942389,60,10.95861031485678,287.41292970894546,0,0,0.01095861031485678,4.327250181290765e-06,1582,0,0,7.958078640513122e-13,333283.200808402,4015243775612013.0,0.022096,0.0203203,0.03359785,0.03542545,0.040393,0.0160306,0.0155814,0.028752800000000002,0.030300149999999998,0.0330031,0.0042009,0.0042828,0.005088199999999999,0.0057726,0.0092344,0,05_resultados\revisao_operacional\campanha_v1\j00550.mat,campanha_v1,,,
j00551,windows,diploee_facility_window01,mpc_qp_estocastico_3cen,{},5.684341886080802e-14,0,1,4.585146402218903e-15,0,0,0,0,0,50.89206871393185,50.89206871393185,60,44.30209478320412,1545.1408629340062,0,0,0.04430209478320412,0.03184844913103291,3766,0,0,1.546140993013978e-10,666566.4042708572,8858386386927326.0,0.0540781,0.06124975,0.0707791,0.07887654999999999,0.1019657,0.0382135,0.0478109,0.056574650000000004,0.061445,0.0825185,0.0123254,0.01267835,0.01505395,0.0194561,0.0286388,0,05_resultados\revisao_operacional\campanha_v1\j00551.mat,campanha_v1,,,
j00552,windows,diploee_facility_window02,heuristico,{},8.021920661150972,8.021920661150972,1,0.2878923347839285,0.2563693224929375,213,0,0,0,58.67025567635152,58.221451498768744,60,18.93353764787096,1431.651209598604,0,0,0.01893353764787096,nan,0,nan,nan,nan,nan,nan,4.46e-05,8.1e-06,9.6e-06,1.6349999999999998e-05,4.46e-05,nan,nan,nan,nan,nan,nan,nan,nan,nan,nan,0,05_resultados\revisao_operacional\campanha_v1\j00552.mat,campanha_v1,,,
j00553,windows,diploee_facility_window02,heuristico_foresight,{},8.02170230377763,8.02170230377763,1,0.17028102178284707,0.138795527136806,153,0,0,0,58.464948973731566,58.01614479614879,60,17.903887581555882,1431.651209598604,0,0,0.01790388758155588,nan,0,nan,nan,nan,nan,nan,5.59e-05,9e-06,1.09e-05,2.2199999999999998e-05,5.59e-05,nan,nan,nan,nan,nan,nan,nan,nan,nan,nan,0,05_resultados\revisao_operacional\campanha_v1\j00553.mat,campanha_v1,,,
j00554,windows,diploee_facility_window02,miope_qp,{},6.883591410655754e-05,0,1,8.23052439534739e-06,0,0,0,0,0,58.193350553265915,57.88030299373228,60.05842001075586,17.363119103210487,1224.5489810457348,0,0,0.017363119103210485,nan,0,nan,nan,nan,nan,nan,0.0012794,0.0005952,0.0007912,0.00096795,0.0012794,0.0011373,0.0005281999999999999,0.00069845,0.0008818000000000001,0.0011373,nan,nan,nan,nan,nan,0,05_resultados\revisao_operacional\campanha_v1\j00554.mat,campanha_v1,,,
j00555,windows,diploee_facility_window02,mpc_qp_v5,{},0.6222886821865021,0,1,0.00019104365661891276,0,0,0,0,0,56.84642824302722,56.561562098505,60.000084061191856,19.093385001472733,942.995936704528,0,0,0.019093385001472733,0.017491189282480946,3759,0,0,4.888534022029489e-12,333283.200808402,4015243775612013.0,0.0229127,0.027777549999999998,0.035309,0.03827285,0.0420389,0.0158782,0.02293655,0.030393,0.033177200000000004,0.0369593,0.0043796,0.0042719,0.0051906,0.0057232,0.0069346,0,05_resultados\revisao_operacional\campanha_v1\j00555.mat,campanha_v1,,,
j00556,windows,diploee_facility_window02,mpc_qp_estocastico_3cen,{},5.684341886080802e-14,0,1,4.08716993505815e-15,0,0,0,0,0,47.595985976658426,47.595985976658426,60,60.03949943752307,2191.3083830968626,0,0,0.06003949943752307,0.04032990643347034,2818,0,0,2.7341684472048655e-10,666566.4042708572,8858386386927326.0,0.0557358,0.0612481,0.0713932,0.0794033,0.09777,0.0383522,0.0474481,0.0566421,0.061362150000000004,0.0687166,0.0139802,0.0129314,0.0171874,0.0213,0.0439987,0,05_resultados\revisao_operacional\campanha_v1\j00556.mat,campanha_v1,,,
j00557,windows,diploee_facility_window03,heuristico,{},5.375759423768699,5.375759423768699,1,0.06224877800550475,0.06224151444642896,44,0,0,0,59.62152665571705,59.62152665571705,60,1.7977483853440308,300,0,0,0.0017977483853440308,nan,0,nan,nan,nan,nan,nan,4.97e-05,8.2e-06,1.01e-05,2.355e-05,5.52e-05,nan,nan,nan,nan,nan,nan,nan,nan,nan,nan,0,05_resultados\revisao_operacional\campanha_v1\j00557.mat,campanha_v1,1097,45,60
j00558,windows,diploee_facility_window03,heuristico_foresight,{},5.375759423757302,5.375759423757302,1,0.06223126626064802,0.06223089303626935,44,0,0,0,59.621487661533635,59.621487661533635,60,1.7979336077152948,300,0,0,0.0017979336077152948,nan,0,nan,nan,nan,nan,nan,4.81e-05,9e-06,1.02e-05,1.5799999999999998e-05,4.81e-05,nan,nan,nan,nan,nan,nan,nan,nan,nan,nan,0,05_resultados\revisao_operacional\campanha_v1\j00558.mat,campanha_v1,1097,45,59.99996469249972
j00559,windows,diploee_facility_window03,miope_qp,{},7.17000283714242e-05,0,1,6.956306931025811e-07,0,0,0,0,0,59.51907441109227,59.49504077973489,60,4.7728262803162345,694.5785413700206,0,0,0.004772826280316235,nan,0,nan,nan,nan,nan,nan,0.001276,0.0005915,0.0007298000000000001,0.0008826000000000001,0.001276,0.0011284,0.0005265,0.0006478,0.0007913,0.0011548,nan,nan,nan,nan,nan,0,05_resultados\revisao_operacional\campanha_v1\j00559.mat,campanha_v1,1097,0,59.887315698689406
j00560,windows,diploee_facility_window03,mpc_qp_v5,{},0.014006582461945527,0,1,3.890717355328242e-06,0,0,0,0,0,59.15261175766152,59.14823104512578,60,4.068958917419432,324.68185694348,0,0,0.004068958917419432,0.0005922770446815662,73,0,0,1.1368683772161603e-12,333283.200808402,4015243775612013.0,0.0200146,0.01921035,0.02911085,0.03406805,0.0353966,0.0135237,0.014779299999999999,0.024468,0.02937925,0.0310575,0.0045232,0.004086350000000001,0.0047192499999999995,0.005094,0.0054158,0,05_resultados\revisao_operacional\campanha_v1\j00560.mat,campanha_v1,1097,0,59.80062200196956
j00561,windows,diploee_facility_window03,mpc_qp_estocastico_3cen,{},5.684341886080802e-14,0,1,4.648553918339281e-15,0,0,0,0,0,54.04123566861288,54.04123566861288,60,29.657624971473446,1690.7828500365126,0,0,0.029657624971473447,0.024909522773718606,4984,0,0,1.34718902700115e-10,666566.4042708572,8858386386927326.0,0.0535155,0.05593095,0.06673884999999999,0.0696132,0.0724197,0.0385901,0.043321700000000005,0.05363755,0.05647835,0.0587418,0.0122002,0.0121573,0.01347025,0.01449895,0.0200201,0,05_resultados\revisao_operacional\campanha_v1\j00561.mat,campanha_v1,1097,0,55.633115980337365
j00562,windows,diploee_facility_window04,heuristico,{},5.619349331267912,5.619349331267912,1,0.16218192581066804,0.1426558077623548,176,0,0,0,59.505957668303516,59.058711601808966,60,11.364042707866757,1437.8441086808243,0,0,0.011364042707866756,nan,0,nan,nan,nan,nan,nan,4.52e-05,7.7e-06,9e-06,9.5e-06,4.52e-05,nan,nan,nan,nan,nan,nan,nan,nan,nan,nan,0,05_resultados\revisao_operacional\campanha_v1\j00562.mat,campanha_v1,,,
j00563,windows,diploee_facility_window04,heuristico_foresight,{},5.619341098712255,5.619341098712255,1,0.1597306467991402,0.1402647284409495,174,0,0,0,59.508522851323534,59.057785272151875,60,11.442369446933313,1432.297248178836,0,0,0.011442369446933312,nan,0,nan,nan,nan,nan,nan,4.58e-05,8.9e-06,1.1249999999999999e-05,2.49e-05,8.27e-05,nan,nan,nan,nan,nan,nan,nan,nan,nan,nan,0,05_resultados\revisao_operacional\campanha_v1\j00563.mat,campanha_v1,,,
j00564,windows,diploee_facility_window04,miope_qp,{},6.890439951234839e-05,0,1,3.562849064605703e-06,0,0,0,0,0,59.76011983866292,59.02530954134786,60,14.13033373865537,1706.2860146478442,0,0,0.01413033373865537,nan,0,nan,nan,nan,nan,nan,0.0012881,0.0005656,0.0006778,0.0008627999999999999,0.0012881,0.0011437,0.0005034,0.000601,0.0007709500000000001,0.0011437,nan,nan,nan,nan,nan,0,05_resultados\revisao_operacional\campanha_v1\j00564.mat,campanha_v1,,,
j00565,windows,diploee_facility_window04,mpc_qp_v5,{},1.3992170602585752,1.3992170602585752,1,0.0004898471664748214,0.000388671405627382,1,0,0,0,58.83748426311577,57.96385171511172,60,18.36494504995294,1132.8009902939518,0,0,0.01836494504995294,0.01415755456618939,3974,0,0,1.0231815394945443e-12,333283.2021354289,4732855740531790.0,0.0321194,0.026054050000000002,0.033987100000000006,0.03887715,0.0477615,0.0256306,0.02139135,0.0288681,0.03347125,0.0423861,0.0043087,0.00428745,0.00523675,0.0060352,0.0121067,0,05_resultados\revisao_operacional\campanha_v1\j00565.mat,campanha_v1,,,
j00566,windows,diploee_facility_window04,mpc_qp_estocastico_3cen,{},5.684341886080802e-14,0,1,4.1926570240294024e-15,0,0,0,0,0,49.60431054089326,49.601884529200646,60,49.897612542247266,2421.2365071279746,0,0,0.04989761254224727,0.02295312766847246,4698,0,0,2.162323653465137e-10,666566.4042708572,9575998351847100.0,0.0609361,0.057374800000000004,0.0657787,0.07052459999999999,0.0840219,0.0451841,0.04462435,0.05188315,0.054786100000000004,0.0671964,0.0129516,0.01234765,0.0144482,0.01677005,0.0313709,0,05_resultados\revisao_operacional\campanha_v1\j00566.mat,campanha_v1,,,
j00567,windows,diploee_facility_window05,heuristico,{},4.320998020470242,4.320998020470242,1,0.15452438453781958,0.1406590963962417,189,0,0,0,57.647319364899964,57.647319364899964,60,13.39070348115271,886.8187431442357,0,0,0.01339070348115271,nan,0,nan,nan,nan,nan,nan,4.6e-05,7.7e-06,9.8e-06,1.08e-05,4.6e-05,nan,nan,nan,nan,nan,nan,nan,nan,nan,nan,0,05_resultados\revisao_operacional\campanha_v1\j00567.mat,campanha_v1,,,
j00568,windows,diploee_facility_window05,heuristico_foresight,{},4.320993654607619,4.320993654607619,1,0.13603777004552714,0.12240002258236919,169,0,0,0,57.61484804887706,57.61484804887706,60,13.26479010699062,849.0367937082602,0,0,0.01326479010699062,nan,0,nan,nan,nan,nan,nan,4.55e-05,8.5e-06,1.09e-05,1.145e-05,4.55e-05,nan,nan,nan,nan,nan,nan,nan,nan,nan,nan,0,05_resultados\revisao_operacional\campanha_v1\j00568.mat,campanha_v1,,,
j00569,windows,diploee_facility_window05,miope_qp,{},6.870774546996472e-05,0,1,6.907218164160774e-06,0,0,0,0,0,57.81768147398646,57.81768147398646,60.01641145747903,16.18258912706234,1378.736926332021,0,0,0.01618258912706234,nan,0,nan,nan,nan,nan,nan,0.0012816,0.0005865499999999999,0.0006979,0.0008798,0.0012816,0.0011171,0.0005223,0.0006225499999999999,0.0008022999999999999,0.0011171,nan,nan,nan,nan,nan,0,05_resultados\revisao_operacional\campanha_v1\j00569.mat,campanha_v1,,,
j00570,windows,diploee_facility_window05,mpc_qp_v5,{},0.1446372893441108,0,1,4.4648636518516724e-05,0,0,0,0,0,57.254892527310965,57.254892527310965,60,20.12099663448016,536.4725520446065,0,0,0.02012099663448016,0.014494338874207813,768,0,0,1.000444171950221e-11,333283.200808402,4015243775612013.0,0.0202099,0.026149949999999998,0.034151,0.038211049999999996,0.042261,0.0146232,0.0216405,0.0290838,0.03333655,0.0375073,0.003962,0.0041227,0.0049846,0.0054801,0.0101599,0,05_resultados\revisao_operacional\campanha_v1\j00570.mat,campanha_v1,,,
j00571,windows,diploee_facility_window05,mpc_qp_estocastico_3cen,{},5.684341886080802e-14,0,1,4.4269988909285806e-15,0,0,0,0,0,48.16051186937886,48.16051186937886,60,58.33460823061076,1585.4501836545924,0,0,0.05833460823061076,0.01975166589335231,2285,0,0,0.0033139544295863743,666566.4042708572,8858386386927326.0,0.0551195,0.058705999999999994,0.06832289999999999,0.07100515,0.0857337,0.0402338,0.045915,0.0550743,0.057854100000000006,0.0619492,0.0119899,0.012485099999999999,0.01374565,0.01467885,0.0270386,0,05_resultados\revisao_operacional\campanha_v1\j00571.mat,campanha_v1,,,
j00572,windows,diploee_facility_window06,heuristico,{},4.4621764631200165,4.4621764631200165,1,0.13750634572515275,0.12744989163558554,211,0,0,0,59.504145921006554,59.20373193882382,60,6.807799675011033,832.2239521211322,0,0,0.006807799675011033,nan,0,nan,nan,nan,nan,nan,4.42e-05,8.1e-06,9.3e-06,1.235e-05,4.42e-05,nan,nan,nan,nan,nan,nan,nan,nan,nan,nan,0,05_resultados\revisao_operacional\campanha_v1\j00572.mat,campanha_v1,,,
j00573,windows,diploee_facility_window06,heuristico_foresight,{},4.4621757177039,4.4621757177039,1,0.11628666273166746,0.10588656654088159,179,0,0,0,59.50351462160269,59.16870701928637,60,6.841291849801537,832.2239521211325,0,0,0.006841291849801537,nan,0,nan,nan,nan,nan,nan,5.06e-05,9.2e-06,1.5799999999999998e-05,2.08e-05,5.06e-05,nan,nan,nan,nan,nan,nan,nan,nan,nan,nan,0,05_resultados\revisao_operacional\campanha_v1\j00573.mat,campanha_v1,,,
j00574,windows,diploee_facility_window06,miope_qp,{},6.942802372122969e-05,0,1,3.537020155741137e-06,0,0,0,0,0,59.71432490722464,59.14620393618931,60,9.535023790246088,1587.3670957242407,0,0,0.009535023790246087,nan,0,nan,nan,nan,nan,nan,0.0012807,0.0006148,0.0007705500000000001,0.0009621,0.0018486,0.0011185,0.0005461,0.0006813500000000001,0.00087055,0.0017629,nan,nan,nan,nan,nan,0,05_resultados\revisao_operacional\campanha_v1\j00574.mat,campanha_v1,,,
j00575,windows,diploee_facility_window06,mpc_qp_v5,{},0.01287281179367028,0,1,6.795925230643528e-06,0,0,0,0,0,58.91278357603603,58.29683602697892,60,11.678601942116313,688.7108241908137,0,0,0.011678601942116312,0.014325691785494143,2914,0,0,7.958078640513122e-13,333283.200808402,4015243775612013.0,0.0213477,0.024836900000000002,0.032651700000000006,0.0357511,0.0497221,0.0147576,0.0202375,0.027711399999999997,0.030488750000000002,0.0346892,0.0046082,0.00421995,0.0050049,0.00571935,0.0188378,0,05_resultados\revisao_operacional\campanha_v1\j00575.mat,campanha_v1,,,
j00576,windows,diploee_facility_window06,mpc_qp_estocastico_3cen,{},5.684341886080802e-14,0,1,4.7813257982494876e-15,0,0,0,0,0,50.00829131248289,50.00829131248289,60,47.643027244398965,1945.077833650831,0,0,0.047643027244398964,0.02852496640890223,1836,0,0,1.787157088983804e-10,666566.4042708572,8858386386927326.0,0.0530246,0.05818105,0.06756424999999999,0.07721919999999999,0.102412,0.0375185,0.0452265,0.0544718,0.062421950000000004,0.0712334,0.0127345,0.012448500000000001,0.01331645,0.01501335,0.0394069,0,05_resultados\revisao_operacional\campanha_v1\j00576.mat,campanha_v1,,,
j00577,windows,diploee_facility_window07,heuristico,{},7.3150308823802135,7.3150308823802135,1,0.11495073801703859,0.1119934725685628,84,0,0,0,58.60021665745591,58.60021665745591,60,6.672255114259338,529.3887154511351,0,0,0.0066722551142593374,nan,0,nan,nan,nan,nan,nan,4.3e-05,8.1e-06,9.75e-06,1.59e-05,4.3e-05,nan,nan,nan,nan,nan,nan,nan,nan,nan,nan,0,05_resultados\revisao_operacional\campanha_v1\j00577.mat,campanha_v1,,,
j00578,windows,diploee_facility_window07,heuristico_foresight,{},7.315030238808788,7.315030238808788,1,0.11375132244832735,0.11081906309732995,83,0,0,0,58.597545865081166,58.597545865081166,60,6.68494137803959,529.388715451135,0,0,0.00668494137803959,nan,0,nan,nan,nan,nan,nan,4.83e-05,9.1e-06,1.02e-05,1.1949999999999999e-05,4.83e-05,nan,nan,nan,nan,nan,nan,nan,nan,nan,nan,0,05_resultados\revisao_operacional\campanha_v1\j00578.mat,campanha_v1,,,
j00579,windows,diploee_facility_window07,miope_qp,{},7.090811072885117e-05,0,1,4.653242664782766e-06,0,0,0,0,0,58.79374453126435,58.79374453126435,60.06749498484231,9.89872443470349,1381.9892072595032,0,0,0.009898724434703491,nan,0,nan,nan,nan,nan,nan,0.0014092,0.00063725,0.0008953,0.0010503499999999998,0.0014092,0.001234,0.0005673,0.00079615,0.00095735,0.001234,nan,nan,nan,nan,nan,0,05_resultados\revisao_operacional\campanha_v1\j00579.mat,campanha_v1,,,
j00580,windows,diploee_facility_window07,mpc_qp_v5,{},1.4510352861306828,1.4510352861306828,1,0.0005024486809910112,0.000403065357258523,1,0,0,0,58.704957543446156,58.704957543446156,60.041446584448714,15.591223780146636,643.3600826177078,0,0,0.015591223780146636,0.01446254683905579,801,0,0,9.094947017729282e-13,333283.200808402,4015243775612013.0,0.0230514,0.02393005,0.0326595,0.035461099999999995,0.0415766,0.0165275,0.019220300000000003,0.0279378,0.0303919,0.0336843,0.0046607,0.00427015,0.00505795,0.0054482,0.0124503,0,05_resultados\revisao_operacional\campanha_v1\j00580.mat,campanha_v1,,,
j00581,windows,diploee_facility_window07,mpc_qp_estocastico_3cen,{},5.684341886080802e-14,0,1,4.3102789855827454e-15,0,0,0,0,0,50.18443806283527,50.18443806283527,60,48.440578672836466,2043.2525182116865,0,0,0.048440578672836465,0.026558932206640407,4767,0,0,4.856701707467437e-10,666566.4042708572,8858386386927326.0,0.0512817,0.059848,0.0682604,0.0711874,0.0753059,0.0370428,0.04668355,0.0549963,0.057830450000000005,0.0620821,0.0115796,0.012583,0.0139852,0.0157497,0.0194634,0,05_resultados\revisao_operacional\campanha_v1\j00581.mat,campanha_v1,,,
j00582,windows,diploee_facility_window08,heuristico,{},67.90178713197719,67.90178713197719,1,0.2396581611645205,0.19825860728560638,242,1,0,0,57.41173467138039,57.21419611872278,60,18.426616343114596,1437.9791536334942,0,0,0.018426616343114596,nan,0,nan,nan,nan,nan,nan,4.56e-05,8e-06,1e-05,1.62e-05,5.21e-05,nan,nan,nan,nan,nan,nan,nan,nan,nan,nan,0,05_resultados\revisao_operacional\campanha_v1\j00582.mat,campanha_v1,,,
j00583,windows,diploee_facility_window08,heuristico_foresight,{},67.90178713197719,67.90178713197719,1,0.20124370380390397,0.16633641373695052,186,1,0,0,57.34216891078262,57.17157624888849,60,18.0858294946985,1437.9791536334944,0,0,0.018085829494698502,nan,0,nan,nan,nan,nan,nan,4.65e-05,8.8e-06,9.9e-06,1.24e-05,4.65e-05,nan,nan,nan,nan,nan,nan,nan,nan,nan,nan,0,05_resultados\revisao_operacional\campanha_v1\j00583.mat,campanha_v1,,,
j00584,windows,diploee_facility_window08,miope_qp,{},64.73479992866109,64.73479992866109,1,0.01799168503208725,0.017981888869072524,1,1,0,0,57.597799752746084,57.396397359199014,60,19.490889594261976,1754.873711462968,0,0,0.019490889594261977,nan,0,nan,nan,nan,nan,nan,0.0012395,0.0005859999999999999,0.0007876000000000001,0.0009597,0.0012395,0.0010998,0.000521,0.00070615,0.00084825,0.0010998,nan,nan,nan,nan,nan,0,05_resultados\revisao_operacional\campanha_v1\j00584.mat,campanha_v1,,,
j00585,windows,diploee_facility_window08,mpc_qp_v5,{},2.962438079977602,2.962438079977602,1,0.0008283962885580873,0.000822899466660445,1,0,0,0,55.967395323906146,55.9082459299158,60,23.40721029504456,1545.8994423766671,0,0,0.02340721029504456,0.014580296158278827,5854,0,0,1.4779288903810084e-12,333283.2021354289,4843142611315303.0,0.0254795,0.028561999999999997,0.03554505,0.038776149999999995,0.0459923,0.0195466,0.02385485,0.0304694,0.03360235,0.0402885,0.00404,0.00436255,0.0053209,0.0057816,0.0069347,0,05_resultados\revisao_operacional\campanha_v1\j00585.mat,campanha_v1,,,
j00586,windows,diploee_facility_window08,mpc_qp_estocastico_3cen,{},5.684341886080802e-14,0,1,4.53484472195953e-15,0,0,0,0,0,45.20354290323708,45.20354290323708,60,70.30770695099581,2185.06532233141,0,0,0.07030770695099581,0.027113221396056986,506,0,0,3.56180862581823e-10,666566.4042708572,9686285222630616.0,0.0578395,0.060743000000000005,0.06887499999999999,0.07422915,0.1015816,0.0422284,0.0478231,0.055640499999999996,0.0597564,0.0670531,0.0127949,0.01260095,0.013995150000000001,0.016279000000000002,0.0376502,0,05_resultados\revisao_operacional\campanha_v1\j00586.mat,campanha_v1,,,
j00587,windows,diploee_facility_window09,heuristico,{},7.2778383995882905,7.2778383995882905,1,0.20646234590915322,0.18823419158688043,262,0,0,0,58.993328037735466,58.3590181367891,60,17.274171765839913,1431.3499240656552,0,0,0.017274171765839914,nan,0,nan,nan,nan,nan,nan,4.3e-05,7.9e-06,9e-06,1.005e-05,4.3e-05,nan,nan,nan,nan,nan,nan,nan,nan,nan,nan,0,05_resultados\revisao_operacional\campanha_v1\j00587.mat,campanha_v1,,,
j00588,windows,diploee_facility_window09,heuristico_foresight,{},7.277790775762142,7.277790775762142,1,0.17331565210873404,0.15525660573642192,213,0,0,0,58.936497920605845,58.30218801965948,60,17.01360013107215,1410.3028876839255,0,0,0.01701360013107215,nan,0,nan,nan,nan,nan,nan,4.51e-05,8.9e-06,1.67e-05,2.005e-05,5.51e-05,nan,nan,nan,nan,nan,nan,nan,nan,nan,nan,0,05_resultados\revisao_operacional\campanha_v1\j00588.mat,campanha_v1,,,
j00589,windows,diploee_facility_window09,miope_qp,{},0.00034604451795861024,0,1,9.822808756711426e-06,0,0,0,0,0,58.633056008236984,58.292151963570525,60,15.390036282742404,1262.67543187603,0,0,0.015390036282742403,nan,0,nan,nan,nan,nan,nan,0.0012121,0.00060125,0.0007737,0.00095735,0.0012538,0.0010737,0.00053495,0.00068505,0.00086425,0.0011332,nan,nan,nan,nan,nan,0,05_resultados\revisao_operacional\campanha_v1\j00589.mat,campanha_v1,,,
j00590,windows,diploee_facility_window09,mpc_qp_v5,{},0.2095038538661953,0,1,6.873625734962912e-05,0,0,0,0,0,57.14546924079656,56.876112089068265,60,18.44088738052395,960.679177143701,0,0,0.01844088738052395,0.01737301788545409,2342,0,0,7.16227077646181e-12,333283.2021354289,4843142611315303.0,0.0291226,0.028607050000000002,0.0339253,0.036099599999999996,0.0387266,0.0226015,0.023563,0.029301800000000003,0.03117885,0.0336695,0.0046377,0.0043552,0.0053634500000000005,0.00579525,0.0071979,0,05_resultados\revisao_operacional\campanha_v1\j00590.mat,campanha_v1,,,
j00591,windows,diploee_facility_window09,mpc_qp_estocastico_3cen,{},5.684341886080802e-14,0,1,4.453536305169968e-15,0,0,0,0,0,46.53696085448242,46.44147750504695,60,64.90552579542444,1707.6846742632206,0,0,0.06490552579542444,0.007323755030490986,888,0,0,6.804157237638719e-10,666566.4042708572,9686285222630616.0,0.0656454,0.062312,0.07122385,0.0753089,0.0795313,0.0495802,0.04910985,0.0582315,0.0625946,0.0636751,0.0123729,0.01264245,0.0141554,0.01551265,0.0205601,0,05_resultados\revisao_operacional\campanha_v1\j00591.mat,campanha_v1,,,
j00592,windows,diploee_facility_window10,heuristico,{},4.843141558412157,4.843141558412157,1,0.2191496000103729,0.21751407611699566,298,0,0,0,59.51965264923122,58.90306749150062,60,10.713367951839212,1437.167529477368,0,0,0.010713367951839211,nan,0,nan,nan,nan,nan,nan,4.34e-05,8e-06,9.2e-06,1.395e-05,4.34e-05,nan,nan,nan,nan,nan,nan,nan,nan,nan,nan,0,05_resultados\revisao_operacional\campanha_v1\j00592.mat,campanha_v1,,,
j00593,windows,diploee_facility_window10,heuristico_foresight,{},4.843141102227861,4.843141102227861,1,0.16633967777677397,0.1642297059572166,234,0,0,0,59.51733918373494,58.9035935723504,60,10.738945074693449,1478.5118572479769,0,0,0.010738945074693449,nan,0,nan,nan,nan,nan,nan,4.86e-05,8.9e-06,1.08e-05,1.63e-05,4.86e-05,nan,nan,nan,nan,nan,nan,nan,nan,nan,nan,0,05_resultados\revisao_operacional\campanha_v1\j00593.mat,campanha_v1,,,
j00594,windows,diploee_facility_window10,miope_qp,{},6.98887512555757e-05,0,1,4.800200267384849e-06,0,0,0,0,0,59.70156960821961,59.01953592902855,60.04974917359021,13.053968286856293,1798.3932293779367,0,0,0.013053968286856293,nan,0,nan,nan,nan,nan,nan,0.0012564,0.0006488,0.00075445,0.0009403,0.0012564,0.0011179,0.0005800499999999999,0.0006722,0.00084625,0.0011179,nan,nan,nan,nan,nan,0,05_resultados\revisao_operacional\campanha_v1\j00594.mat,campanha_v1,,,
j00595,windows,diploee_facility_window10,mpc_qp_v5,{},0.012732953280078618,0,1,7.596347441690122e-06,0,0,0,0,0,58.71026905828178,57.97111723400875,60,15.332795400145034,870.1981973178976,0,0,0.015332795400145035,0.014541490536146284,5384,0,0,2.5011104298755527e-12,333283.200808402,4015243775612013.0,0.0215287,0.02557715,0.03391185,0.036099900000000004,0.0396724,0.0151723,0.0209361,0.0290819,0.031317750000000005,0.0343053,0.0045037,0.00425115,0.0049675,0.0053523500000000005,0.0084587,0,05_resultados\revisao_operacional\campanha_v1\j00595.mat,campanha_v1,,,
j00596,windows,diploee_facility_window10,mpc_qp_estocastico_3cen,{},5.684341886080802e-14,0,1,4.261387852349776e-15,0,0,0,0,0,50.65931857781841,50.65931857781841,60,46.08653567305069,2307.7836363764254,0,0,0.04608653567305069,0.04743805837397019,8533,0,0,6.341451808111742e-10,666566.4042708572,8858386386927326.0,0.0559104,0.05790345,0.0690736,0.07316339999999999,0.0770249,0.0394804,0.04464765,0.0556036,0.05991715,0.0633503,0.0133449,0.01272765,0.0141557,0.015627250000000002,0.0197475,0,05_resultados\revisao_operacional\campanha_v1\j00596.mat,campanha_v1,,,
j00597,windows,diploee_facility_window11,heuristico,{},5.923132588654795,5.923132588654795,1,0.2646082226023318,0.262269108387142,264,0,0,0,59.15893595751757,59.15893595751757,60,9.664788612947993,1703.9436240856235,0,0,0.009664788612947993,nan,0,nan,nan,nan,nan,nan,4.91e-05,8e-06,9.8e-06,1.48e-05,4.91e-05,nan,nan,nan,nan,nan,nan,nan,nan,nan,nan,0,05_resultados\revisao_operacional\campanha_v1\j00597.mat,campanha_v1,,,
j00598,windows,diploee_facility_window11,heuristico_foresight,{},5.9231325554955845,5.9231325554955845,1,0.2308479195771156,0.2288126261809215,243,0,0,0,59.08161248825363,59.08161248825363,60,9.288407026584341,1646.3592592221462,0,0,0.009288407026584341,nan,0,nan,nan,nan,nan,nan,4.84e-05,9e-06,1.0350000000000001e-05,1.74e-05,4.84e-05,nan,nan,nan,nan,nan,nan,nan,nan,nan,nan,0,05_resultados\revisao_operacional\campanha_v1\j00598.mat,campanha_v1,,,
j00599,windows,diploee_facility_window11,miope_qp,{},7.161831894109127e-05,0,1,4.250410674458566e-06,0,0,0,0,0,59.33029899006595,59.31573412843952,60.066189294356185,12.616408343959588,1798.1125491307803,0,0,0.012616408343959587,nan,0,nan,nan,nan,nan,nan,0.001235,0.0006149,0.0007873,0.00096795,0.0012903,0.0010867,0.0005467,0.0007045,0.0008663,0.0011857,nan,nan,nan,nan,nan,0,05_resultados\revisao_operacional\campanha_v1\j00599.mat,campanha_v1,,,
j00600,windows,diploee_facility_window11,mpc_qp_v5,{},0.24193988510754139,0,1,8.786058590420092e-05,0,0,0,0,0,57.7865951379569,57.7865951379569,60.00014899869806,16.71828373523854,1086.5983202886055,0,0,0.01671828373523854,0.014721630133095687,4572,0,0,5.002220859751105e-12,333283.200808402,4015243775612013.0,0.0215265,0.02705655,0.035217899999999996,0.038003850000000006,0.0416749,0.015641,0.022323700000000002,0.030322750000000002,0.03270915,0.0365642,0.0040851,0.0043743,0.0052635,0.0057225,0.0075595,0,05_resultados\revisao_operacional\campanha_v1\j00600.mat,campanha_v1,,,
j00601,windows,diploee_facility_window11,mpc_qp_estocastico_3cen,{},5.684341886080802e-14,0,1,4.378681782512488e-15,0,0,0,0,0,48.55843877741141,48.55843877741141,60,54.36820032075114,2628.233156824512,0,0,0.05436820032075114,0.04707366707368976,2613,0,0,1.9404069462325424e-09,666566.4042708572,8666386387089957.0,0.052411,0.058143349999999996,0.0654422,0.0697198,0.0863698,0.0363938,0.04483765,0.05199015,0.05607785,0.0637697,0.0127002,0.01268945,0.01408365,0.015416949999999999,0.0220783,0,05_resultados\revisao_operacional\campanha_v1\j00601.mat,campanha_v1,,,
j00602,windows,diploee_facility_window12,heuristico,{},5.298019505167986,5.298019505167986,1,0.10412447896151854,0.0883143662123839,170,0,0,0,58.689929828689046,58.689929828689046,60,6.222833313727387,462.8035051011407,0,0,0.006222833313727387,nan,0,nan,nan,nan,nan,nan,4.07e-05,8.1e-06,1.01e-05,1.815e-05,4.07e-05,nan,nan,nan,nan,nan,nan,nan,nan,nan,nan,0,05_resultados\revisao_operacional\campanha_v1\j00602.mat,campanha_v1,,,
j00603,windows,diploee_facility_window12,heuristico_foresight,{},5.298017091852103,5.298017091852103,1,0.10239423523587364,0.0866353336488016,168,0,0,0,58.686043363015585,58.686043363015585,60,6.24129402567619,462.80350510114056,0,0,0.00624129402567619,nan,0,nan,nan,nan,nan,nan,4.88e-05,9e-06,1.05e-05,1.94e-05,4.88e-05,nan,nan,nan,nan,nan,nan,nan,nan,nan,nan,0,05_resultados\revisao_operacional\campanha_v1\j00603.mat,campanha_v1,,,
j00604,windows,diploee_facility_window12,miope_qp,{},6.9226442604986e-05,0,1,3.651211269769356e-06,0,0,0,0,0,58.6075254455887,58.6075254455887,60,8.659149337914819,734.4609480301804,0,0,0.008659149337914819,nan,0,nan,nan,nan,nan,nan,0.0012576,0.0006193,0.00073885,0.0009230499999999999,0.0012576,0.0011178,0.0005507,0.00065275,0.0008498500000000001,0.0011178,nan,nan,nan,nan,nan,0,05_resultados\revisao_operacional\campanha_v1\j00604.mat,campanha_v1,,,
j00605,windows,diploee_facility_window12,mpc_qp_v5,{},0.01159381396423953,0,1,5.623341813785965e-06,0,0,0,0,0,58.62305027718712,58.62305027718712,60.28375687038474,13.048069606145377,499.0961599064311,0,0,0.013048069606145378,0.014478834863773216,1080,0,0,7.958078640513122e-13,333283.2021354289,4839136760385682.0,0.0300056,0.0204112,0.032916799999999996,0.0350548,0.0402638,0.0234293,0.0158128,0.028030350000000002,0.030008399999999998,0.0342268,0.0045807,0.00423805,0.00486595,0.0051649,0.0120929,0,05_resultados\revisao_operacional\campanha_v1\j00605.mat,campanha_v1,,,
j00606,windows,diploee_facility_window12,mpc_qp_estocastico_3cen,{},5.684341886080802e-14,0,1,4.6439279890700096e-15,0,0,0,0,0,51.18948245443748,51.18948245443748,60,42.26562711895331,1751.7572667526838,0,0,0.04226562711895331,0.029160521512089588,3661,0,0,2.547722033341415e-10,666566.4042708572,9682279371700994.0,0.0586969,0.05854475,0.0660799,0.06872700000000001,0.0814734,0.0433458,0.0455057,0.0530117,0.05544155,0.0578392,0.012021,0.01261425,0.0136919,0.0154457,0.0283002,0,05_resultados\revisao_operacional\campanha_v1\j00606.mat,campanha_v1,,,
j00607,windows,diploee_facility_window13,heuristico,{},6.512877905595397,6.512877905595397,1,0.36910435826153243,0.3531452255690471,424,0,0,0,58.8103315000205,58.088533966121766,60,22.403802251682066,1910.585243307979,0,0,0.022403802251682065,nan,0,nan,nan,nan,nan,nan,4.73e-05,8.8e-06,1.9050000000000002e-05,2.44e-05,4.73e-05,nan,nan,nan,nan,nan,nan,nan,nan,nan,nan,0,05_resultados\revisao_operacional\campanha_v1\j00607.mat,campanha_v1,,,
j00608,windows,diploee_facility_window13,heuristico_foresight,{},6.512877905595397,6.512877905595397,1,0.2625697248081088,0.24657168516096312,334,0,0,0,58.62948420208606,58.016086317137294,60,21.496233539577293,1910.5852433079785,0,0,0.021496233539577293,nan,0,nan,nan,nan,nan,nan,4.97e-05,8.9e-06,1.02e-05,2.2199999999999998e-05,4.97e-05,nan,nan,nan,nan,nan,nan,nan,nan,nan,nan,0,05_resultados\revisao_operacional\campanha_v1\j00608.mat,campanha_v1,,,
j00609,windows,diploee_facility_window13,miope_qp,{},0.002965288945896205,0,1,1.211265724877681e-05,0,0,0,0,0,58.20658812581075,57.91906401207243,60,19.248098354926512,1628.6837468590288,0,0,0.019248098354926513,nan,0,nan,nan,nan,nan,nan,0.0013045,0.0006102,0.00078995,0.001003,0.0013045,0.0011575,0.0005422,0.0007075,0.00090005,0.0011575,nan,nan,nan,nan,nan,0,05_resultados\revisao_operacional\campanha_v1\j00609.mat,campanha_v1,,,
j00610,windows,diploee_facility_window13,mpc_qp_v5,{},0.20376750431863933,0,1,6.859038558909465e-05,0,0,0,0,0,56.40549296805857,56.19759575498253,60,22.417956098876573,1310.5148524937522,0,0,0.022417956098876573,0.014605414993482668,3933,0,0,1.4779288903810084e-12,333283.2021354289,4843142611315303.0,0.0329364,0.0300887,0.034770899999999993,0.036370150000000004,0.0380098,0.0258949,0.02504685,0.0295893,0.0311851,0.0333068,0.0045209,0.0044876,0.00533895,0.00657785,0.0135814,0,05_resultados\revisao_operacional\campanha_v1\j00610.mat,campanha_v1,,,
j00611,windows,diploee_facility_window13,mpc_qp_estocastico_3cen,{},5.684341886080802e-14,0,1,3.845935915415389e-15,0,0,0,0,0,46.06459106250945,45.98449875741269,60,66.99516935016725,2293.6346203063285,0,0,0.06699516935016725,0.006625295042567814,778,0,0,1.1596057447604835e-10,666566.4042708572,9686285222630616.0,0.0680104,0.061189850000000004,0.07189315,0.07612555,0.0954152,0.0497849,0.04828765,0.05822705,0.06192925,0.0730899,0.0145239,0.0124001,0.0140228,0.0162604,0.0261801,0,05_resultados\revisao_operacional\campanha_v1\j00611.mat,campanha_v1,,,
j00612,windows,diploee_facility_window14,heuristico,{},3.0145865647612595,3.0145865647612595,1,0.09569806715226002,0.08211403111122334,125,0,0,0,58.65256180652848,58.62315143822211,60,6.745832250108765,498.88374943785675,0,0,0.006745832250108765,nan,0,nan,nan,nan,nan,nan,4.59e-05,8.1e-06,9.65e-06,1.3700000000000001e-05,4.59e-05,nan,nan,nan,nan,nan,nan,nan,nan,nan,nan,0,05_resultados\revisao_operacional\campanha_v1\j00612.mat,campanha_v1,,,
j00613,windows,diploee_facility_window14,heuristico_foresight,{},3.0145865647612595,3.0145865647612595,1,0.09227142254725379,0.0787367789583104,118,0,0,0,58.64483506937564,58.615424701069266,60,6.731524082059623,485.2582655527351,0,0,0.006731524082059623,nan,0,nan,nan,nan,nan,nan,4.7e-05,8.8e-06,9.9e-06,1.325e-05,4.7e-05,nan,nan,nan,nan,nan,nan,nan,nan,nan,nan,0,05_resultados\revisao_operacional\campanha_v1\j00613.mat,campanha_v1,,,
j00614,windows,diploee_facility_window14,miope_qp,{},6.872199546137381e-05,0,1,4.713166550478078e-06,0,0,0,0,0,58.56914088403927,58.536008908748144,60.01700117526209,8.426335419290284,715.5609244245111,0,0,0.008426335419290285,nan,0,nan,nan,nan,nan,nan,0.0013707,0.0005922,0.00072775,0.00090655,0.0013707,0.0011865,0.0005273,0.00064595,0.0008190000000000001,0.0011865,nan,nan,nan,nan,nan,0,05_resultados\revisao_operacional\campanha_v1\j00614.mat,campanha_v1,,,
j00615,windows,diploee_facility_window14,mpc_qp_v5,{},0.00881046395335261,0,1,4.086208679448608e-06,0,0,0,0,0,57.959744933505426,57.93651257497592,60,9.92384084007238,425.58826001798354,0,0,0.00992384084007238,0.0027012525574576784,144,0,0,1.9326762412674725e-12,333283.200808402,4015243775612013.0,0.019998,0.0200663,0.033201049999999996,0.03585675,0.0395555,0.0135383,0.015342100000000001,0.028397850000000002,0.03106445,0.0346485,0.0043808,0.00427745,0.0049933500000000006,0.0052415,0.0057725,0,05_resultados\revisao_operacional\campanha_v1\j00615.mat,campanha_v1,,,
j00616,windows,diploee_facility_window14,mpc_qp_estocastico_3cen,{},5.684341886080802e-14,0,1,4.689763238246374e-15,0,0,0,0,0,50.88088133634076,50.88088133634076,60,46.78170767268254,1425.9583975491562,0,0,0.04678170767268254,0.03616469183693738,2463,0,0,1.6439116734545678e-10,666566.4042708572,8858386386927326.0,0.0560312,0.05637085,0.06715975,0.0713742,0.0776979,0.0401854,0.04369725,0.0539241,0.058117749999999996,0.0607548,0.0124893,0.0122512,0.0132607,0.0146762,0.0245345,0,05_resultados\revisao_operacional\campanha_v1\j00616.mat,campanha_v1,,,
j00617,windows,diploee_facility_window15,heuristico,{},8.992024722589889,8.992024722589889,1,0.29408820054377643,0.2898002541879609,230,0,0,0,59.171799288776704,58.90846729303763,60,9.133770373848723,1408.038404086677,0,0,0.009133770373848722,nan,0,nan,nan,nan,nan,nan,4e-05,7.9e-06,9.6e-06,1.73e-05,4e-05,nan,nan,nan,nan,nan,nan,nan,nan,nan,nan,0,05_resultados\revisao_operacional\campanha_v1\j00617.mat,campanha_v1,,,
j00618,windows,diploee_facility_window15,heuristico_foresight,{},8.992015788478994,8.992015788478994,1,0.21061514799598477,0.20843174003211754,169,0,0,0,59.029996594976886,58.901506637937445,60,8.489439118790228,1408.0384040866777,0,0,0.008489439118790229,nan,0,nan,nan,nan,nan,nan,4.46e-05,8.8e-06,9.9e-06,1.3199999999999999e-05,4.46e-05,nan,nan,nan,nan,nan,nan,nan,nan,nan,nan,0,05_resultados\revisao_operacional\campanha_v1\j00618.mat,campanha_v1,,,
j00619,windows,diploee_facility_window15,miope_qp,{},6.460550946485455e-05,0,1,4.020452334508595e-06,0,0,0,0,0,59.195977180602995,59.05217885128882,60,11.776641920365737,2000.5609623528555,0,0,0.011776641920365738,nan,0,nan,nan,nan,nan,nan,0.0012375,0.000581,0.0007232499999999999,0.00087495,0.0012375,0.001073,0.0005171500000000001,0.0006397,0.00079815,0.001073,nan,nan,nan,nan,nan,0,05_resultados\revisao_operacional\campanha_v1\j00619.mat,campanha_v1,,,
j00620,windows,diploee_facility_window15,mpc_qp_v5,{},0.009175066312252511,0,1,1.1337436700232486e-05,0,0,0,0,0,57.92319094712949,57.92319094712949,60,16.442552322660003,1261.1343196163664,0,0,0.016442552322660002,0.019882060219430286,4060,0,0,7.958078640513122e-13,333283.2021354289,4760754739507843.0,0.0315007,0.026087649999999997,0.032606300000000005,0.0348233,0.0463073,0.0240208,0.02147315,0.02767835,0.029839400000000002,0.0412502,0.0048037,0.00428445,0.00494615,0.0052517499999999995,0.0086706,0,05_resultados\revisao_operacional\campanha_v1\j00620.mat,campanha_v1,,,
j00621,windows,diploee_facility_window15,mpc_qp_estocastico_3cen,{},5.684341886080802e-14,0,1,4.521229070143641e-15,0,0,0,0,0,48.286661760712484,48.286661760712484,60,56.34357861346487,2456.3985240316947,0,0,0.05634357861346487,0.05010873629301926,2445,0,0,1.5631940186722204e-10,666566.4042708572,9603897350823154.0,0.0615777,0.058214100000000005,0.06583865,0.06983575,0.0849005,0.0454926,0.045489,0.05277615,0.05722695,0.0608048,0.0131568,0.0123228,0.01326055,0.01417755,0.0268589,0,05_resultados\revisao_operacional\campanha_v1\j00621.mat,campanha_v1,,,
j00622,windows,diploee_facility_window16,heuristico,{},5.369450957880304,5.369450957880304,1,0.32114928839600815,0.31143996624479575,422,0,0,0,57.28517728280379,57.06968657895258,60,16.15064817131907,1562.0959521119748,0,0,0.01615064817131907,nan,0,nan,nan,nan,nan,nan,4.54e-05,8.1e-06,1.03e-05,1.3300000000000001e-05,4.59e-05,nan,nan,nan,nan,nan,nan,nan,nan,nan,nan,0,05_resultados\revisao_operacional\campanha_v1\j00622.mat,campanha_v1,,,
j00623,windows,diploee_facility_window16,heuristico_foresight,{},5.369450908859633,5.369450908859633,1,0.2789493765541473,0.2691269653265935,373,0,0,0,57.19375062535201,56.9782599215008,60,15.714422451970277,1497.521281104706,0,0,0.015714422451970276,nan,0,nan,nan,nan,nan,nan,4.69e-05,8.9e-06,1.1e-05,2.1649999999999998e-05,6.48e-05,nan,nan,nan,nan,nan,nan,nan,nan,nan,nan,0,05_resultados\revisao_operacional\campanha_v1\j00623.mat,campanha_v1,,,
j00624,windows,diploee_facility_window16,miope_qp,{},7.010847497213035e-05,0,1,1.0552530401373204e-05,0,0,0,0,0,57.178827588422315,56.98144580041726,60.01414705677894,16.66267222222166,1658.0861162922233,0,0,0.016662672222221658,nan,0,nan,nan,nan,nan,nan,0.0014318,0.0006056,0.00075175,0.00094455,0.0014318,0.0012711,0.000539,0.00066825,0.0008641,0.0012711,nan,nan,nan,nan,nan,0,05_resultados\revisao_operacional\campanha_v1\j00624.mat,campanha_v1,,,
j00625,windows,diploee_facility_window16,mpc_qp_v5,{},0.0688216224197915,0,1,3.3305231989947645e-05,0,0,0,0,0,55.466850813828394,55.30913339845076,60,23.11170801724092,799.0048039620556,0,0,0.023111708017240922,0.011131729307898297,1803,0,0,1.1368683772161603e-12,333283.200808402,4015243775612013.0,0.0201349,0.02795845,0.0341524,0.0357895,0.0376493,0.0145449,0.02325845,0.02943445,0.03105465,0.0327943,0.0039885,0.00434755,0.0049628499999999996,0.0052642999999999995,0.0057338,0,05_resultados\revisao_operacional\campanha_v1\j00625.mat,campanha_v1,,,
j00626,windows,diploee_facility_window16,mpc_qp_estocastico_3cen,{},5.684341886080802e-14,0,1,4.3298008889667035e-15,0,0,0,0,0,44.628648382087476,44.628648382087476,60,73.01392018508437,1372.5706602430234,0,0,0.07301392018508437,7.105427357601002e-15,0,0,0,1.5506884665228426e-10,666566.4016168036,8030487551224027.0,0.0478035,0.05838245,0.0645994,0.06935115,0.0714759,0.0327315,0.0456872,0.051750950000000004,0.05593845,0.0588843,0.0125858,0.01223025,0.01310285,0.0138536,0.0178645,0,05_resultados\revisao_operacional\campanha_v1\j00626.mat,campanha_v1,,,
j00627,windows,diploee_facility_window17,heuristico,{},20.360796556788507,20.360796556788507,1,0.36846174133465426,0.35820055457441996,409,0,0,0,59.13445377621684,58.81171762773427,60,16.639016541683933,1902.834970054811,0,0,0.016639016541683933,nan,0,nan,nan,nan,nan,nan,7.02e-05,8.1e-06,9.3e-06,1.655e-05,7.02e-05,nan,nan,nan,nan,nan,nan,nan,nan,nan,nan,0,05_resultados\revisao_operacional\campanha_v1\j00627.mat,campanha_v1,,,
j00628,windows,diploee_facility_window17,heuristico_foresight,{},20.360796556788507,20.360796556788507,1,0.29979491039228756,0.29409774397291827,340,0,0,0,58.98891512157377,58.73413669971818,60,15.925717649931883,1875.4579473722683,0,0,0.01592571764993188,nan,0,nan,nan,nan,nan,nan,4.55e-05,8.7e-06,9.8e-06,1.62e-05,4.55e-05,nan,nan,nan,nan,nan,nan,nan,nan,nan,nan,0,05_resultados\revisao_operacional\campanha_v1\j00628.mat,campanha_v1,,,
j00629,windows,diploee_facility_window17,miope_qp,{},0.009228769292633388,0,1,1.0539030649314563e-05,0,0,0,0,0,58.74146901566568,58.72341076120855,60.026178095352364,15.100138790408042,1845.4598973829366,0,0,0.015100138790408042,nan,0,nan,nan,nan,nan,nan,0.0013638,0.0005738,0.0006720000000000001,0.0008059499999999999,0.0013638,0.001204,0.0005105,0.0005986,0.0007266,0.001204,nan,nan,nan,nan,nan,0,05_resultados\revisao_operacional\campanha_v1\j00629.mat,campanha_v1,,,
j00630,windows,diploee_facility_window17,mpc_qp_v5,{},0.895573839182866,0,1,0.00026028586993453193,0,0,0,0,0,56.50478379681283,56.50478379681283,60,20.153616429286732,1228.8335667548524,0,0,0.02015361642928673,0.014773246056392964,3366,0,0,2.5011104298755527e-12,333283.2021354289,4140591146156125.5,0.0270564,0.02679445,0.0332633,0.036283300000000004,0.0386213,0.0208493,0.02222245,0.02838465,0.0315374,0.0339315,0.0044373,0.004291700000000001,0.00491425,0.0052148,0.0055,0,05_resultados\revisao_operacional\campanha_v1\j00630.mat,campanha_v1,,,
j00631,windows,diploee_facility_window17,mpc_qp_estocastico_3cen,{},5.684341886080802e-14,0,1,4.357363235661814e-15,0,0,0,0,0,46.37835523006897,46.37835523006897,60,64.81110059075952,2459.373729068407,0,0,0.06481110059075952,0.02328742229081371,1196,0,0,2.3356960809906013e-09,666566.4042708572,8983733757471442.0,0.0558421,0.0581894,0.0655955,0.07221649999999999,0.0910217,0.0410107,0.0453915,0.0528825,0.05892395,0.0619118,0.0116563,0.01227535,0.0134965,0.01449895,0.0308677,0,05_resultados\revisao_operacional\campanha_v1\j00631.mat,campanha_v1,,,
j00632,windows,diploee_facility_window18,heuristico,{},4.22146049066599,4.22146049066599,1,0.2533627684475943,0.2518354385684578,279,0,0,0,59.396030577702625,59.05015881542487,60,10.02252605605306,1463.7649366645828,0,0,0.01002252605605306,nan,0,nan,nan,nan,nan,nan,4.29e-05,8e-06,9.2e-06,1.205e-05,4.29e-05,nan,nan,nan,nan,nan,nan,nan,nan,nan,nan,0,05_resultados\revisao_operacional\campanha_v1\j00632.mat,campanha_v1,,,
j00633,windows,diploee_facility_window18,heuristico_foresight,{},4.221460490633717,4.221460490633717,1,0.22651811053720214,0.22557990831813424,250,0,0,0,59.39570642393388,59.019414631379405,60,10.05843766230119,1417.3590224370992,0,0,0.01005843766230119,nan,0,nan,nan,nan,nan,nan,5.06e-05,8.6e-06,1.14e-05,1.275e-05,5.06e-05,nan,nan,nan,nan,nan,nan,nan,nan,nan,nan,0,05_resultados\revisao_operacional\campanha_v1\j00633.mat,campanha_v1,,,
j00634,windows,diploee_facility_window18,miope_qp,{},7.087439490760516e-05,0,1,4.514071632005532e-06,0,0,0,0,0,59.56908229691415,59.23577839311282,60,12.104601736767249,2067.581050127334,0,0,0.01210460173676725,nan,0,nan,nan,nan,nan,nan,0.0012623,0.00057945,0.00069165,0.0008512999999999999,0.0012623,0.0011163,0.0005161499999999999,0.0006205,0.0007613,0.0011163,nan,nan,nan,nan,nan,0,05_resultados\revisao_operacional\campanha_v1\j00634.mat,campanha_v1,,,
j00635,windows,diploee_facility_window18,mpc_qp_v5,{},0.476181763047272,0,1,0.0001435691478527255,0,0,0,0,0,58.82201870448092,58.82201870448092,60.00955114858704,18.125474961658384,1128.4404287654077,0,0,0.018125474961658384,0.014151887532499074,3424,0,0,9.094947017729282e-13,333283.2021354289,4843142611315303.0,0.0274973,0.0246836,0.0322425,0.0352289,0.0380096,0.0210113,0.02024165,0.027439449999999997,0.0304312,0.0329241,0.0045687,0.0041579,0.0048233,0.0051456,0.0060959,0,05_resultados\revisao_operacional\campanha_v1\j00635.mat,campanha_v1,,,
j00636,windows,diploee_facility_window18,mpc_qp_estocastico_3cen,{},5.684341886080802e-14,0,1,4.7182473977219135e-15,0,0,0,0,0,49.62698870489745,49.62698870489745,60,50.441848524364175,2299.7611201681166,0,0,0.050441848524364175,0.02128910182903354,2288,0,0,3.497575562505517e-09,666566.4042708572,9686285222630616.0,0.0565034,0.0574925,0.06603895,0.0708138,0.0772248,0.0410128,0.0447078,0.0530568,0.05820595,0.06032,0.0120362,0.01230935,0.01361715,0.0151051,0.0189464,0,05_resultados\revisao_operacional\campanha_v1\j00636.mat,campanha_v1,,,
j00637,windows,diploee_facility_window19,heuristico,{},28.841398560914687,28.841398560914687,1,0.30095865854884374,0.2862955189787415,409,0,0,0,58.16220332064566,56.915168446590016,60,23.900099998366738,1598.7061926511763,0,0,0.023900099998366738,nan,0,nan,nan,nan,nan,nan,4.37e-05,8e-06,9.2e-06,1.3599999999999999e-05,4.37e-05,nan,nan,nan,nan,nan,nan,nan,nan,nan,nan,0,05_resultados\revisao_operacional\campanha_v1\j00637.mat,campanha_v1,,,
j00638,windows,diploee_facility_window19,heuristico_foresight,{},28.841398560914687,28.841398560914687,1,0.2579578352052308,0.24370903340786276,351,0,0,0,58.079479134101156,56.83244426004551,60,23.497384356913265,1517.8706922621468,0,0,0.023497384356913266,nan,0,nan,nan,nan,nan,nan,4.73e-05,8.9e-06,1.04e-05,1.58e-05,4.73e-05,nan,nan,nan,nan,nan,nan,nan,nan,nan,nan,0,05_resultados\revisao_operacional\campanha_v1\j00638.mat,campanha_v1,,,
j00639,windows,diploee_facility_window19,miope_qp,{},0.3351064496361431,0,1,0.00010382311581840334,0,0,0,0,0,57.70071610237265,56.875549498411345,60,21.488061191352546,1606.4061510893373,0,0,0.021488061191352548,nan,0,nan,nan,nan,nan,nan,0.0013249,0.00057655,0.0006854000000000001,0.0008603,0.0013249,0.0011788,0.0005128,0.0006060499999999999,0.00077215,0.0011788,nan,nan,nan,nan,nan,0,05_resultados\revisao_operacional\campanha_v1\j00639.mat,campanha_v1,,,
j00640,windows,diploee_facility_window19,mpc_qp_v5,{},1.2192553388745893,1.2192553388745893,1,0.0006925818874879601,0.0006352044653519913,2,0,0,0,56.306039321157755,55.59632618157361,60,25.120264559192428,987.4363357571024,0,0,0.025120264559192428,0.011880384315084314,1543,0,0,8.412825991399586e-12,333283.2021354289,4843142611315303.0,0.0300806,0.0284736,0.0349088,0.03634115,0.038655,0.0235374,0.02379135,0.030063,0.031363100000000005,0.0339744,0.0042828,0.00429655,0.00501955,0.00539215,0.0068305,0,05_resultados\revisao_operacional\campanha_v1\j00640.mat,campanha_v1,,,
j00641,windows,diploee_facility_window19,mpc_qp_estocastico_3cen,{},5.684341886080802e-14,0,1,4.160622463839698e-15,0,0,0,0,0,45.758848613298944,45.70534053103122,60,68.1812539632212,1854.184120686256,0,0,0.0681812539632212,0.005372549344123456,547,0,0,6.584741640836e-10,666566.4042708572,9686285222630616.0,0.0600585,0.05847825,0.06755385,0.07472575000000001,0.0855746,0.044223,0.04578145,0.0543236,0.0608723,0.0680734,0.0123844,0.01223435,0.0136597,0.014792900000000001,0.0236747,0,05_resultados\revisao_operacional\campanha_v1\j00641.mat,campanha_v1,,,
j00642,windows,diploee_facility_window20,heuristico,{},60.81622664376357,60.81622664376357,1,0.16099690789409965,0.1601712052009901,119,1,0,0,59.50827544729939,59.24723656723496,60,5.314378098987347,968.2797200280929,0,0,0.005314378098987347,nan,0,nan,nan,nan,nan,nan,4.33e-05,8.1e-06,1e-05,1.085e-05,5.03e-05,nan,nan,nan,nan,nan,nan,nan,nan,nan,nan,0,05_resultados\revisao_operacional\campanha_v1\j00642.mat,campanha_v1,,,
j00643,windows,diploee_facility_window20,heuristico_foresight,{},60.81622664376357,60.81622664376357,1,0.13968392499314122,0.1385591506721962,86,1,0,0,59.51050433839476,59.24139254768932,60,5.391394865494329,1011.2683189443622,0,0,0.005391394865494329,nan,0,nan,nan,nan,nan,nan,4.66e-05,9e-06,1.07e-05,2.56e-05,5.22e-05,nan,nan,nan,nan,nan,nan,nan,nan,nan,nan,0,05_resultados\revisao_operacional\campanha_v1\j00643.mat,campanha_v1,,,
j00644,windows,diploee_facility_window20,miope_qp,{},53.05268563734672,53.05268563734672,1,0.014738668943418076,0.0147368571214852,1,1,0,0,59.71843311590794,59.32865450933712,60.0036699789244,8.995676473331033,1594.5766185747275,0,0,0.008995676473331033,nan,0,nan,nan,nan,nan,nan,0.0012052,0.0006151,0.0007918000000000001,0.00097165,0.0012052,0.0010662,0.0005472,0.0007066,0.00086925,0.0010662,nan,nan,nan,nan,nan,0,05_resultados\revisao_operacional\campanha_v1\j00644.mat,campanha_v1,,,
j00645,windows,diploee_facility_window20,mpc_qp_v5,{},2.671599088882161,2.671599088882161,1,0.001539762925076604,0.0011220775329864783,2,0,0,0,59.773084126041724,59.06820168768055,60,16.205426820198284,1508.5162679834093,0,0,0.016205426820198283,0.01825119273029685,3689,0,0,7.16227077646181e-12,333283.2021354289,4347144789372815.5,0.0245803,0.02580605,0.03371375,0.0383779,0.0429663,0.0181352,0.0210534,0.02866875,0.03353635,0.0379889,0.0045509,0.0043098,0.0050925499999999995,0.00565005,0.012226,0,05_resultados\revisao_operacional\campanha_v1\j00645.mat,campanha_v1,,,
j00646,windows,diploee_facility_window20,mpc_qp_estocastico_3cen,{},5.684341886080802e-14,0,1,4.4714078119135874e-15,0,0,0,0,0,51.23132250827686,51.23132250827686,60,41.781719891618245,2819.503250205997,0,0,0.041781719891618246,0.05021741091822918,2108,0,0,4.2323335947003216e-09,666566.4042708572,9190287400688130.0,0.0583487,0.05993705,0.07420575,0.08212744999999999,0.1136835,0.0422798,0.045932749999999994,0.05838725,0.06422275,0.0968586,0.0129722,0.01305415,0.0169572,0.0227093,0.0311876,0,05_resultados\revisao_operacional\campanha_v1\j00646.mat,campanha_v1,,,
j00647,windows,nvml_llama2_window01,heuristico,{},114.16154256706912,114.16154256706912,1,7.7362352595089625,7.736022594290835,658,230,41,0,56.49684311940856,56.49622318853858,60,22.137437173936025,48439.529467156375,0,0,0.022137437173936025,nan,0,nan,nan,nan,nan,nan,5.25e-05,1e-05,2.05e-05,3.4250000000000006e-05,7.84e-05,nan,nan,nan,nan,nan,nan,nan,nan,nan,nan,0,05_resultados\revisao_operacional\campanha_v1\j00647.mat,campanha_v1,,,
j00648,windows,nvml_llama2_window01,heuristico_foresight,{},80.34019684823308,80.34019684823308,1,2.374590407610101,2.3685734522737296,496,38,0,0,52.37927206405381,52.379041791540004,60,36.200763450784045,19219.877028900606,0,0,0.036200763450784046,nan,0,nan,nan,nan,nan,nan,4.73e-05,9.7e-06,1.17e-05,2.1550000000000002e-05,6.13e-05,nan,nan,nan,nan,nan,nan,nan,nan,nan,nan,0,05_resultados\revisao_operacional\campanha_v1\j00648.mat,campanha_v1,,,
j00649,windows,nvml_llama2_window01,miope_qp,{},152.25156802989392,152.25156802989392,1,4.57358900190555,4.5735329871288535,206,168,48,0,56.01360525708612,56.01107107825426,60,28.230645584967288,91519.59855903094,0,0,0.02823064558496729,nan,0,nan,nan,nan,nan,nan,0.0017344,0.0006783,0.0010727,0.0016998999999999998,0.0025854,0.001526,0.0006004,0.00095155,0.0015212,0.0023307,nan,nan,nan,nan,nan,0,05_resultados\revisao_operacional\campanha_v1\j00649.mat,campanha_v1,,,
j00650,windows,nvml_llama2_window01,mpc_qp_v5,{},0.03726495196713131,0,1,5.99849545394192e-05,0,0,0,0,0,49.73284375292099,49.73284375292099,60,48.76899217362586,393.78860103734434,0,0,0.04876899217362586,7.105427357601002e-15,0,0,0,2.0463630789890885e-12,333283.2021354289,4509049131243136.0,0.0288914,0.0268278,0.02936275,0.032386700000000004,0.0469786,0.0211242,0.02184885,0.024086200000000002,0.025740100000000002,0.0333543,0.0054151,0.00457995,0.0054276,0.00591215,0.0225247,0,05_resultados\revisao_operacional\campanha_v1\j00650.mat,campanha_v1,,,
j00651,windows,nvml_llama2_window01,mpc_qp_estocastico_3cen,{},5.684341886080802e-14,0,1,1.3579261172304138e-15,0,0,0,0,0,36.52641880969389,36.52641880969389,60,111.49951065395453,904.9907420923361,0,0,0.11149951065395453,7.105427357601002e-15,0,0,0,8.321876521222293e-11,666566.4042708572,9352191742558446.0,0.0612177,0.05925905,0.06880695,0.08181395,0.1022039,0.0456005,0.045751650000000005,0.05169535,0.059230050000000006,0.0748097,0.0125353,0.0128366,0.01703645,0.0233055,0.0322804,0,05_resultados\revisao_operacional\campanha_v1\j00651.mat,campanha_v1,,,
j00652,windows,nvml_llama2_window02,heuristico,{},111.66670366222138,111.66670366222138,1,7.775551517804615,7.775339463877727,654,231,43,0,56.4613525780572,56.4577294415086,60,21.96266308018765,48900.58334367177,0,0,0.02196266308018765,nan,0,nan,nan,nan,nan,nan,4.43e-05,8.3e-06,1.015e-05,1.2e-05,6.28e-05,nan,nan,nan,nan,nan,nan,nan,nan,nan,nan,0,05_resultados\revisao_operacional\campanha_v1\j00652.mat,campanha_v1,,,
j00653,windows,nvml_llama2_window02,heuristico_foresight,{},80.10364668394318,80.10364668394318,1,2.263263432203861,2.25654021928052,488,36,0,0,52.26468611614876,52.26468611614876,60,36.742740948293275,18402.832112042426,0,0,0.03674274094829327,nan,0,nan,nan,nan,nan,nan,6.11e-05,9e-06,1.01e-05,1.265e-05,6.11e-05,nan,nan,nan,nan,nan,nan,nan,nan,nan,nan,0,05_resultados\revisao_operacional\campanha_v1\j00653.mat,campanha_v1,,,
j00654,windows,nvml_llama2_window02,miope_qp,{},155.92213737517676,155.92213737517676,1,4.67907306837631,4.679068874788209,215,175,50,0,56.06130857113653,56.055952162078,60,27.77262808846841,91364.22318727437,0,0,0.02777262808846841,nan,0,nan,nan,nan,nan,nan,0.0012837,0.0006236,0.0008256,0.00101685,0.001421,0.0011297,0.00055355,0.00073415,0.0009160500000000001,0.0012765,nan,nan,nan,nan,nan,0,05_resultados\revisao_operacional\campanha_v1\j00654.mat,campanha_v1,,,
j00655,windows,nvml_llama2_window02,mpc_qp_v5,{},0.004811815670564101,0,1,4.860353311306495e-05,0,0,0,0,0,49.78886692254401,49.78886692254401,60,48.502882117915775,378.9244983716094,0,0,0.04850288211791577,7.105427357601002e-15,0,0,0,4.092726157978177e-12,333283.2021354289,4493049131251817.0,0.0290046,0.02664005,0.03140765,0.03684975,0.0617407,0.0209923,0.0217073,0.0251451,0.0285874,0.0404124,0.0054995,0.0045449,0.0058795,0.0085697,0.0342508,0,05_resultados\revisao_operacional\campanha_v1\j00655.mat,campanha_v1,,,
j00656,windows,nvml_llama2_window02,mpc_qp_estocastico_3cen,{},5.684341886080802e-14,0,1,1.306609141869962e-15,0,0,0,0,0,36.59962469816346,36.59962469816346,60,111.1517826837234,849.810081886977,0,0,0.1111517826837234,7.105427357601002e-15,0,0,0,5.070432962384075e-11,666566.4042708572,9336191742567128.0,0.0641387,0.05860755,0.06420785,0.06851735,0.0988364,0.0485508,0.045196150000000004,0.04958905,0.052348099999999995,0.060593,0.0127318,0.012826500000000001,0.015198699999999999,0.017508,0.0486601,0,05_resultados\revisao_operacional\campanha_v1\j00656.mat,campanha_v1,,,
j00657,windows,nvml_llama2_window03,heuristico,{},56.199327143942156,56.199327143942156,1,3.745717416249307,3.743904954850069,653,27,0,0,52.96080477106097,52.96080477106097,60,33.436177337459675,24006.132985881188,0,0,0.033436177337459676,nan,0,nan,nan,nan,nan,nan,5.74e-05,8.7e-06,1e-05,1.565e-05,5.74e-05,nan,nan,nan,nan,nan,nan,nan,nan,nan,nan,0,05_resultados\revisao_operacional\campanha_v1\j00657.mat,campanha_v1,,,
j00658,windows,nvml_llama2_window03,heuristico_foresight,{},52.60493383903116,52.60493383903116,1,3.7009603017852273,3.69859573092663,642,26,0,0,52.91630587901285,52.91630587901285,60,33.64754707468818,23373.931293248304,0,0,0.03364754707468818,nan,0,nan,nan,nan,nan,nan,5.29e-05,9.5e-06,1.24e-05,2.175e-05,5.29e-05,nan,nan,nan,nan,nan,nan,nan,nan,nan,nan,0,05_resultados\revisao_operacional\campanha_v1\j00658.mat,campanha_v1,,,
j00659,windows,nvml_llama2_window03,miope_qp,{},31.640253520914555,31.640253520914555,1,0.2596032616802222,0.25941447114276905,58,0,0,0,51.563237036779626,51.563237036779626,60.00010590876035,40.18840211913714,52317.26830497173,0,0,0.040188402119137136,nan,0,nan,nan,nan,nan,nan,0.0015153,0.0006352,0.0007813,0.00096355,0.0015153,0.0013235,0.00056525,0.00069155,0.00086025,0.0013235,nan,nan,nan,nan,nan,0,05_resultados\revisao_operacional\campanha_v1\j00659.mat,campanha_v1,,,
j00660,windows,nvml_llama2_window03,mpc_qp_v5,{},0.013907623864952257,0,1,5.124780447509241e-05,0,0,0,0,0,49.70475756164272,49.70475756164272,60,48.90240158219786,280.85410561449936,0,0,0.04890240158219786,7.105427357601002e-15,0,0,0,2.01339389604982e-10,333283.2021354289,4709399654559859.0,0.0293507,0.03357415,0.0373626,0.04235025,0.0829498,0.0217922,0.02849695,0.0322427,0.0360213,0.0703543,0.0049456,0.00461465,0.0054973,0.0066625,0.0395442,0,05_resultados\revisao_operacional\campanha_v1\j00660.mat,campanha_v1,,,
j00661,windows,nvml_llama2_window03,mpc_qp_estocastico_3cen,{},5.684341886080802e-14,0,1,1.9303077654816055e-15,0,0,0,0,0,36.507405349575585,36.507405349575585,60,111.58982458951631,655.9526489371653,0,0,0.11158982458951631,7.105427357601002e-15,0,0,0,3.979039320256561e-12,666566.4042708572,9478182593054420.0,0.0673478,0.0615285,0.0676691,0.07391500000000001,0.089078,0.0489211,0.04787845,0.0527108,0.05572895,0.0654256,0.0145903,0.0129631,0.0154144,0.01775215,0.0319606,0,05_resultados\revisao_operacional\campanha_v1\j00661.mat,campanha_v1,,,
j00662,windows,nvml_llama2_window04,heuristico,{},52.74151475809302,52.74151475809302,1,2.994285171865737,2.992753883511288,563,2,0,0,53.747790266711036,53.747790266711036,60,29.697996233122662,19138.11181134417,0,0,0.02969799623312266,nan,0,nan,nan,nan,nan,nan,4.41e-05,8.1e-06,9.1e-06,1.02e-05,4.41e-05,nan,nan,nan,nan,nan,nan,nan,nan,nan,nan,0,05_resultados\revisao_operacional\campanha_v1\j00662.mat,campanha_v1,,,
j00663,windows,nvml_llama2_window04,heuristico_foresight,{},48.516874526253204,48.516874526253204,1,2.9444539328975057,2.942588835321034,552,0,0,0,53.68180763455174,53.68180763455174,60,30.011413735879355,18718.68239162326,0,0,0.030011413735879355,nan,0,nan,nan,nan,nan,nan,4.78e-05,8.8e-06,1.1e-05,1.99e-05,4.78e-05,nan,nan,nan,nan,nan,nan,nan,nan,nan,nan,0,05_resultados\revisao_operacional\campanha_v1\j00663.mat,campanha_v1,,,
j00664,windows,nvml_llama2_window04,miope_qp,{},28.382341264646158,28.382341264646158,1,0.18898465992403107,0.18879173695310827,49,0,0,0,52.681688459113914,52.681688459113914,60.00000001854501,34.88973627988858,44091.27312400282,0,0,0.03488973627988858,nan,0,nan,nan,nan,nan,nan,0.0012236,0.0005883500000000001,0.0007007999999999999,0.0008764,0.0012236,0.0010822,0.0005237,0.0006281500000000001,0.0007891,0.0010822,nan,nan,nan,nan,nan,0,05_resultados\revisao_operacional\campanha_v1\j00664.mat,campanha_v1,,,
j00665,windows,nvml_llama2_window04,mpc_qp_v5,{},0.006558269262484373,0,1,3.917818138536091e-05,0,0,0,0,0,50.953385598036334,50.953385598036334,60,42.97141840932677,248.09268611453493,0,0,0.04297141840932677,7.105427357601002e-15,0,0,0,2.1714186004828662e-11,333283.200808402,4015243775612013.0,0.0195762,0.03308965,0.03799745,0.04378145,0.0599729,0.0135455,0.0279942,0.0324497,0.03579315,0.0537668,0.0042411,0.0046457,0.0054809,0.007017850000000001,0.01975,0,05_resultados\revisao_operacional\campanha_v1\j00665.mat,campanha_v1,,,
j00666,windows,nvml_llama2_window04,mpc_qp_estocastico_3cen,{},5.684341886080802e-14,0,1,2.5062164438668007e-15,0,0,0,0,0,39.23300490523081,39.23300490523081,60,98.64322670015393,589.1775707473753,0,0,0.09864322670015394,7.105427357601002e-15,0,0,0,2.3021584638627246e-10,666566.4016168036,8030487551224027.0,0.0442373,0.06114375,0.06825149999999999,0.07831495,0.1264127,0.0276625,0.0477013,0.05265465,0.05877,0.0671953,0.0135328,0.013000049999999999,0.016030250000000003,0.019461100000000002,0.0665009,0,05_resultados\revisao_operacional\campanha_v1\j00666.mat,campanha_v1,,,
j00667,windows,nvml_llama2_window05,heuristico,{},94.32479237452141,94.32479237452141,1,6.705360133905073,6.704939913046453,656,185,0,0,55.36904752346718,55.36880128765381,60,22.88131780630037,42533.59825258999,0,0,0.02288131780630037,nan,0,nan,nan,nan,nan,nan,4.24e-05,8.2e-06,9.6e-06,1.61e-05,4.24e-05,nan,nan,nan,nan,nan,nan,nan,nan,nan,nan,0,05_resultados\revisao_operacional\campanha_v1\j00667.mat,campanha_v1,,,
j00668,windows,nvml_llama2_window05,heuristico_foresight,{},87.96151432979595,87.96151432979595,1,2.312329770250957,2.309279825543503,531,29,0,0,52.14578910220165,52.14578910220165,60,37.307501764543076,22641.8210123974,0,0,0.037307501764543075,nan,0,nan,nan,nan,nan,nan,4.65e-05,8.9e-06,1.13e-05,1.95e-05,7.7e-05,nan,nan,nan,nan,nan,nan,nan,nan,nan,nan,0,05_resultados\revisao_operacional\campanha_v1\j00668.mat,campanha_v1,,,
j00669,windows,nvml_llama2_window05,miope_qp,{},125.16359617211069,125.16359617211069,1,3.3328833621126277,3.332880432265527,214,89,36,0,55.06543997098591,55.06198764258727,60,27.433348853307677,76852.1737245557,0,0,0.027433348853307678,nan,0,nan,nan,nan,nan,nan,0.0012189,0.00062405,0.0009464,0.00138265,0.0019549,0.0010786,0.0005539,0.0008424000000000001,0.0012320999999999999,0.0017448,nan,nan,nan,nan,nan,0,05_resultados\revisao_operacional\campanha_v1\j00669.mat,campanha_v1,,,
j00670,windows,nvml_llama2_window05,mpc_qp_v5,{},3.8539298102752753,3.8539298102752753,1,0.0011179541120600492,0.0010705360584097987,1,0,0,0,49.4848547420949,49.4848547420949,60,49.94693997504857,748.6175174998097,0,0,0.04994693997504857,7.105427357601002e-15,0,0,0,1.5916157281026244e-12,333283.2021354289,4507621596651596.0,0.0242917,0.02693835,0.030930449999999998,0.03611315,0.0624446,0.0175968,0.0220691,0.02495455,0.02851555,0.038258,0.0044007,0.0045673,0.00581835,0.007381199999999999,0.0233574,0,05_resultados\revisao_operacional\campanha_v1\j00670.mat,campanha_v1,,,
j00671,windows,nvml_llama2_window05,mpc_qp_estocastico_3cen,{},5.684341886080802e-14,0,1,1.3342413593717436e-15,0,0,0,0,0,36.4870496016523,36.4870496016523,60,111.68651439215192,878.8475767714637,0,0,0.11168651439215192,7.105427357601002e-15,0,0,0,0.0006981142516906402,666566.4042708572,9350764207966910.0,0.0642337,0.0588599,0.0650659,0.07120835,0.0883862,0.048871,0.0455269,0.0501667,0.05299535,0.0588209,0.0120126,0.01274365,0.0154731,0.018941,0.0408883,0,05_resultados\revisao_operacional\campanha_v1\j00671.mat,campanha_v1,,,
j00672,windows,nvml_llama2_window06,heuristico,{},114.16154256706912,114.16154256706912,1,7.736581025782818,7.736059549964177,656,230,41,0,56.49272118898343,56.49272118898343,60,22.145783899367526,48550.345961339306,0,0,0.022145783899367527,nan,0,nan,nan,nan,nan,nan,4.31e-05,8.9e-06,1.65e-05,2.3899999999999998e-05,5.14e-05,nan,nan,nan,nan,nan,nan,nan,nan,nan,nan,0,05_resultados\revisao_operacional\campanha_v1\j00672.mat,campanha_v1,,,
j00673,windows,nvml_llama2_window06,heuristico_foresight,{},80.34019684823308,80.34019684823308,1,2.3231401099471283,2.316650329039629,493,36,0,0,52.33811632140492,52.33811632140492,60,36.39394747332664,19099.9637085847,0,0,0.03639394747332664,nan,0,nan,nan,nan,nan,nan,4.78e-05,8.9e-06,1.0549999999999999e-05,1.4449999999999999e-05,8.29e-05,nan,nan,nan,nan,nan,nan,nan,nan,nan,nan,0,05_resultados\revisao_operacional\campanha_v1\j00673.mat,campanha_v1,,,
j00674,windows,nvml_llama2_window06,miope_qp,{},152.25156838492873,152.25156838492873,1,4.64076556021768,4.6407093745514665,209,171,49,0,56.06106881028024,56.06106881028024,60.008372822189024,28.080318936763327,91529.15354584655,0,0,0.028080318936763327,nan,0,nan,nan,nan,nan,nan,0.0012849,0.0006067,0.0007217,0.0008841999999999999,0.0012849,0.0011358,0.0005396,0.00063455,0.0007819999999999999,0.0011358,nan,nan,nan,nan,nan,0,05_resultados\revisao_operacional\campanha_v1\j00674.mat,campanha_v1,,,
j00675,windows,nvml_llama2_window06,mpc_qp_v5,{},0.004912994238338797,0,1,4.741214797349692e-05,0,0,0,0,0,49.57286699765293,49.57286699765293,60,49.52888176114906,666.6677730646845,0,0,0.04952888176114906,7.105427357601002e-15,0,0,0,2.0463630789890885e-12,333283.2021354289,4492640113832498.0,0.0261828,0.02605175,0.0293688,0.03319075,0.0513424,0.0189994,0.02123835,0.02378265,0.02702935,0.0330251,0.0049719,0.0044002,0.0053685,0.0063116000000000005,0.0182944,0,05_resultados\revisao_operacional\campanha_v1\j00675.mat,campanha_v1,,,
j00676,windows,nvml_llama2_window06,mpc_qp_estocastico_3cen,{},5.684341886080802e-14,0,1,1.2710820050819569e-15,0,0,0,0,0,36.50428586771735,36.50428586771735,60,111.60464212834233,954.7262920924779,0,0,0.11160464212834234,7.105427357601002e-15,0,0,0,8.310507837450132e-11,666566.4042708572,9335782725147804.0,0.0587639,0.0584118,0.06346805,0.0684423,0.1483984,0.0429449,0.04509085,0.0493937,0.0520775,0.0645458,0.0128649,0.01281175,0.014861800000000001,0.01868255,0.0879475,0,05_resultados\revisao_operacional\campanha_v1\j00676.mat,campanha_v1,,,
j00677,windows,nvml_llama2_window07,heuristico,{},94.32479237452125,94.32479237452125,1,6.7188505064519015,6.718430285593281,656,185,0,0,55.36333882679411,55.36333882679411,60,22.9095271063045,42560.91356241515,0,0,0.0229095271063045,nan,0,nan,nan,nan,nan,nan,4.43e-05,8.1e-06,1.07e-05,1.7449999999999997e-05,6.31e-05,nan,nan,nan,nan,nan,nan,nan,nan,nan,nan,0,05_resultados\revisao_operacional\campanha_v1\j00677.mat,campanha_v1,,,
j00678,windows,nvml_llama2_window07,heuristico_foresight,{},88.93572262060616,88.93572262060616,1,2.2673915898962624,2.2640973366815844,528,27,0,0,52.112203434216745,52.112203434216745,60,37.4670336874715,22379.428193329448,0,0,0.0374670336874715,nan,0,nan,nan,nan,nan,nan,5.09e-05,9e-06,1.18e-05,2.27e-05,5.56e-05,nan,nan,nan,nan,nan,nan,nan,nan,nan,nan,0,05_resultados\revisao_operacional\campanha_v1\j00678.mat,campanha_v1,,,
j00679,windows,nvml_llama2_window07,miope_qp,{},125.16359526576335,125.16359526576335,1,3.342812952850274,3.342810064499825,215,92,35,0,55.08834221548469,55.08690677785135,60,27.300570846561076,76853.04901010985,0,0,0.027300570846561074,nan,0,nan,nan,nan,nan,nan,0.0012416,0.00059985,0.0007234,0.0008923,0.0012416,0.0010997,0.00053305,0.0006457500000000001,0.00080635,0.0010997,nan,nan,nan,nan,nan,0,05_resultados\revisao_operacional\campanha_v1\j00679.mat,campanha_v1,,,
j00680,windows,nvml_llama2_window07,mpc_qp_v5,{},3.8960896505135736,3.8960896505135736,1,0.0011298399139202707,0.0010822471251426594,1,0,0,0,49.478241449414604,49.478241449414604,60,49.97835311528045,773.2443675751224,0,0,0.04997835311528045,7.105427357601002e-15,0,0,0,1.5916157281026244e-12,333283.2021354289,4513916523040505.0,0.0255777,0.0268299,0.02893435,0.03103665,0.0373369,0.0182921,0.021979699999999998,0.023696250000000002,0.024866899999999997,0.0324109,0.0047847,0.0045204500000000005,0.0053749,0.00599125,0.0105164,0,05_resultados\revisao_operacional\campanha_v1\j00680.mat,campanha_v1,,,
j00681,windows,nvml_llama2_window07,mpc_qp_estocastico_3cen,{},5.684341886080802e-14,0,1,1.3895057943753071e-15,0,0,0,0,0,36.489504751291385,36.489504751291385,60,111.67485243136603,920.2032204415752,0,0,0.11167485243136603,7.105427357601002e-15,0,0,0,2.0531842892523855e-10,666566.4042708572,9341059134356534.0,0.0649862,0.0582301,0.0640019,0.06807915,0.0805982,0.0491613,0.04515495,0.049586000000000005,0.052123249999999996,0.0586508,0.0125304,0.012632850000000001,0.015026500000000002,0.0167792,0.0262401,0,05_resultados\revisao_operacional\campanha_v1\j00681.mat,campanha_v1,,,
j00682,windows,nvml_llama2_window08,heuristico,{},113.93798169743309,113.93798169743309,1,7.656587397627795,7.656107610627467,644,231,44,0,56.60566949356452,56.569750488975856,60,22.043355543074327,48009.0489979081,0,0,0.022043355543074326,nan,0,nan,nan,nan,nan,nan,4.71e-05,8.6e-06,1.07e-05,1.415e-05,8.63e-05,nan,nan,nan,nan,nan,nan,nan,nan,nan,nan,0,05_resultados\revisao_operacional\campanha_v1\j00682.mat,campanha_v1,,,
j00683,windows,nvml_llama2_window08,heuristico_foresight,{},80.17904046090607,80.17904046090607,1,2.301215448554209,2.293907268764081,481,36,0,0,52.47882746698749,52.44408819448614,60,36.07341935251376,18373.46942210658,0,0,0.03607341935251376,nan,0,nan,nan,nan,nan,nan,4.61e-05,9.1e-06,1e-05,1.3700000000000001e-05,4.61e-05,nan,nan,nan,nan,nan,nan,nan,nan,nan,nan,0,05_resultados\revisao_operacional\campanha_v1\j00683.mat,campanha_v1,,,
j00684,windows,nvml_llama2_window08,miope_qp,{},151.80713367572233,151.80713367572233,1,4.548520036856375,4.548516070806154,206,169,48,0,56.14515100213474,56.10683889431206,60.00049457907274,27.979537006867325,90339.68588211454,0,0,0.027979537006867325,nan,0,nan,nan,nan,nan,nan,0.0012612,0.0006366,0.00084125,0.0010194,0.0012612,0.0011131,0.0005651499999999999,0.0007499,0.00091515,0.0011131,nan,nan,nan,nan,nan,0,05_resultados\revisao_operacional\campanha_v1\j00684.mat,campanha_v1,,,
j00685,windows,nvml_llama2_window08,mpc_qp_v5,{},0.16095256302202188,0,1,9.0714787635719e-05,0,0,0,0,0,49.835596578323624,49.83544470587898,60,48.28243697573091,566.3324851081451,0,0,0.04828243697573091,4.220588036218942e-05,37,0,0,1.9326762412674725e-12,333283.2021354289,4530162062287378.0,0.0288203,0.02637775,0.0289693,0.03164615,0.0440397,0.0212841,0.02141945,0.0237138,0.0251815,0.0335719,0.0046657,0.00449885,0.00536815,0.0065071999999999994,0.0098102,0,05_resultados\revisao_operacional\campanha_v1\j00685.mat,campanha_v1,,,
j00686,windows,nvml_llama2_window08,mpc_qp_estocastico_3cen,{},5.684341886080802e-14,0,1,1.318451520799297e-15,0,0,0,0,0,36.696173997227184,36.696173997227184,60,110.69317351317132,1148.3165834923436,0,0,0.11069317351317132,7.105427357601002e-15,0,0,0,5.3660187404602766e-11,666566.4042708572,9373304673602688.0,0.0634287,0.05789305,0.06297605,0.06713345,0.0977032,0.0462404,0.044807650000000004,0.04886295,0.05096945,0.0688341,0.0140129,0.012575949999999999,0.014784450000000001,0.017296600000000002,0.0352466,0,05_resultados\revisao_operacional\campanha_v1\j00686.mat,campanha_v1,,,
j00687,windows,nvml_llama2_window09,heuristico,{},95.805126346919,95.805126346919,1,6.722059826610735,6.721639605752116,661,184,0,0,55.36727311432173,55.36727311432173,60,22.908739476074157,42604.5142248185,0,0,0.022908739476074157,nan,0,nan,nan,nan,nan,nan,5.09e-05,8e-06,9.5e-06,1.815e-05,5.09e-05,nan,nan,nan,nan,nan,nan,nan,nan,nan,nan,0,05_resultados\revisao_operacional\campanha_v1\j00687.mat,campanha_v1,,,
j00688,windows,nvml_llama2_window09,heuristico_foresight,{},79.25307195419211,79.25307195419211,1,2.351238104252795,2.347987087150934,536,29,0,0,52.17127101606531,52.17127101606531,60,37.18646267369047,22541.577144540035,0,0,0.03718646267369047,nan,0,nan,nan,nan,nan,nan,4.73e-05,8.9e-06,1e-05,1.45e-05,5.15e-05,nan,nan,nan,nan,nan,nan,nan,nan,nan,nan,0,05_resultados\revisao_operacional\campanha_v1\j00688.mat,campanha_v1,,,
j00689,windows,nvml_llama2_window09,miope_qp,{},125.16359691355687,125.16359691355687,1,3.3231878309889633,3.323184831233142,213,90,36,0,55.06487247863918,55.06487247863918,60,27.396615633719954,76758.64384310732,0,0,0.027396615633719954,nan,0,nan,nan,nan,nan,nan,0.0013021,0.0006108,0.000712,0.0008641,0.0013928,0.0011466,0.0005433,0.0006315,0.000785,0.0012701,nan,nan,nan,nan,nan,0,05_resultados\revisao_operacional\campanha_v1\j00689.mat,campanha_v1,,,
j00690,windows,nvml_llama2_window09,mpc_qp_v5,{},0.547506371700166,0,1,0.0002008400246247888,0,0,0,0,0,49.68343922724779,49.68343922724779,60,49.003663670573,486.26679337432677,0,0,0.049003663670572996,7.105427357601002e-15,0,0,0,4.206412995699793e-12,333283.2021354289,4547962789861189.0,0.0258734,0.0262334,0.02823865,0.0304445,0.0365635,0.0192849,0.0215355,0.02323795,0.0248687,0.0296343,0.0045956,0.00436665,0.0050810000000000004,0.0055092,0.0112397,0,05_resultados\revisao_operacional\campanha_v1\j00690.mat,campanha_v1,,,
j00691,windows,nvml_llama2_window09,mpc_qp_estocastico_3cen,{},5.684341886080802e-14,0,1,1.3105566015130736e-15,0,0,0,0,0,36.48766516069877,36.48766516069877,60,111.68359048668071,873.7560742368037,0,0,0.11168359048668071,7.105427357601002e-15,0,0,0,0.00012015848551527597,666566.4042708572,9391105401176500.0,0.0603291,0.058405849999999995,0.06350425,0.06931034999999999,0.0882778,0.0442581,0.04519195,0.0493507,0.052700800000000006,0.0690062,0.0126828,0.012683449999999999,0.014964350000000001,0.01692695,0.0233811,0,05_resultados\revisao_operacional\campanha_v1\j00691.mat,campanha_v1,,,
j00692,windows,nvml_llama2_window10,heuristico,{},94.32479237452141,94.32479237452141,1,6.7179325894809425,6.717512368622324,656,185,0,0,55.379219956456275,55.379219956456275,60,22.83298729548267,42680.47546254884,0,0,0.022832987295482672,nan,0,nan,nan,nan,nan,nan,4.28e-05,8.1e-06,9.3e-06,1.515e-05,4.28e-05,nan,nan,nan,nan,nan,nan,nan,nan,nan,nan,0,05_resultados\revisao_operacional\campanha_v1\j00692.mat,campanha_v1,,,
j00693,windows,nvml_llama2_window10,heuristico_foresight,{},89.14368138278934,89.14368138278934,1,2.298988447569164,2.29593850286171,530,28,0,0,52.15090422826247,52.15090422826247,60,37.283204915754276,22695.13170955974,0,0,0.03728320491575428,nan,0,nan,nan,nan,nan,nan,4.57e-05,8.9e-06,1.17e-05,2.5750000000000002e-05,7e-05,nan,nan,nan,nan,nan,nan,nan,nan,nan,nan,0,05_resultados\revisao_operacional\campanha_v1\j00693.mat,campanha_v1,,,
j00694,windows,nvml_llama2_window10,miope_qp,{},125.16359606935505,125.16359606935505,1,3.3417503150086656,3.3417474174806365,213,91,36,0,55.07551692718193,55.07551692718193,60,27.35498891021648,77070.91758810345,0,0,0.02735498891021648,nan,0,nan,nan,nan,nan,nan,0.0012421,0.0005859,0.00070285,0.0009037,0.0012421,0.0011029,0.00052145,0.0006269,0.00080915,0.0011029,nan,nan,nan,nan,nan,0,05_resultados\revisao_operacional\campanha_v1\j00694.mat,campanha_v1,,,
j00695,windows,nvml_llama2_window10,mpc_qp_v5,{},3.90637107371532,3.90637107371532,1,0.001131820908151645,0.0010851030760320333,1,0,0,0,49.47592141943174,49.47592141943174,60,49.989373257698894,757.5294675924222,0,0,0.049989373257698894,7.105427357601002e-15,0,0,0,1.5916157281026244e-12,333283.2021354289,4520966572274731.0,0.0249953,0.02572585,0.02740045,0.0285003,0.0325671,0.0175984,0.021112449999999998,0.02253535,0.0233762,0.0261404,0.0045305,0.00426075,0.00502095,0.00530845,0.0067712,0,05_resultados\revisao_operacional\campanha_v1\j00695.mat,campanha_v1,,,
j00696,windows,nvml_llama2_window10,mpc_qp_estocastico_3cen,{},3.8566610406617485,3.8566610406617485,1,0.0010712947335184944,0.0010712947335171524,1,0,0,0,36.514699258728825,36.514699258728825,60,111.55517852103816,808.5264458958399,0,0,0.11155517852103816,7.105427357601002e-15,0,0,0,2.049773684120737e-10,666566.4042708572,9364109183590038.0,0.060005,0.0583953,0.06767355,0.07772085000000001,0.08938,0.0429154,0.04518015,0.05241565,0.0612211,0.0686546,0.013514,0.01278135,0.01533095,0.017662900000000002,0.0345823,0,05_resultados\revisao_operacional\campanha_v1\j00696.mat,campanha_v1,,,
j00697,windows,nvml_llama2_window11,heuristico,{},113.93798169743309,113.93798169743309,1,7.723880564147248,7.723668315388301,656,229,42,0,56.53657083969199,56.53279463502438,60,22.064266671048752,48465.73301982371,0,0,0.022064266671048754,nan,0,nan,nan,nan,nan,nan,4.46e-05,8.1e-06,1.03e-05,1.4449999999999999e-05,4.81e-05,nan,nan,nan,nan,nan,nan,nan,nan,nan,nan,0,05_resultados\revisao_operacional\campanha_v1\j00697.mat,campanha_v1,,,
j00698,windows,nvml_llama2_window11,heuristico_foresight,{},80.17904046090607,80.17904046090607,1,2.3768537842792306,2.3704612343493157,491,39,0,0,52.39031542374974,52.39031542374974,60,36.14600173718866,18758.039850716035,0,0,0.03614600173718866,nan,0,nan,nan,nan,nan,nan,4.53e-05,8.7e-06,1.13e-05,1.73e-05,4.53e-05,nan,nan,nan,nan,nan,nan,nan,nan,nan,nan,0,05_resultados\revisao_operacional\campanha_v1\j00698.mat,campanha_v1,,,
j00699,windows,nvml_llama2_window11,miope_qp,{},151.8071352458688,151.8071352458688,1,4.563763503969282,4.563759322090635,209,170,48,0,56.06958569433011,56.06168493402937,60.00011537139208,28.05475613622615,91031.70625582336,0,0,0.02805475613622615,nan,0,nan,nan,nan,nan,nan,0.0013997,0.0006024,0.00071435,0.0009934000000000002,0.0013997,0.0012542,0.0005352,0.0006392500000000001,0.0008823500000000001,0.0012542,nan,nan,nan,nan,nan,0,05_resultados\revisao_operacional\campanha_v1\j00699.mat,campanha_v1,,,
j00700,windows,nvml_llama2_window11,mpc_qp_v5,{},0.3209850853813805,0,1,0.00013503607569946989,0,0,0,0,0,49.74089672680012,49.74089672680012,60,48.730740547699256,459.5968029785839,0,0,0.048730740547699256,7.105427357601002e-15,0,0,0,1.9326762412674725e-12,333283.2021354289,4511720980557489.0,0.0265027,0.02545845,0.02842055,0.03271895,0.0429577,0.0195026,0.0207826,0.0231911,0.0277755,0.0372118,0.0048298,0.00428505,0.0051231,0.0056653,0.0102037,0,05_resultados\revisao_operacional\campanha_v1\j00700.mat,campanha_v1,,,
j00701,windows,nvml_llama2_window11,mpc_qp_estocastico_3cen,{},5.684341886080802e-14,0,1,1.3105566015130736e-15,0,0,0,0,0,36.54163284499782,36.54163284499782,60,111.42724398626024,943.0963216613447,0,0,0.11142724398626024,7.105427357601002e-15,0,0,0,5.3660187404602766e-11,666566.4042708572,9354863591872804.0,0.0597498,0.05643515,0.0632054,0.072176,0.0870384,0.0442327,0.043767600000000004,0.049310049999999994,0.058318999999999996,0.0734799,0.0124321,0.012227100000000001,0.0140008,0.0156531,0.0251088,0,05_resultados\revisao_operacional\campanha_v1\j00701.mat,campanha_v1,,,
j00702,windows,nvml_llama2_window12,heuristico,{},52.736916323633096,52.736916323633096,1,2.8360007306028088,2.8344694240123225,532,2,0,0,54.088488545030465,54.088488545030465,60,28.079679411105495,18204.176133640805,0,0,0.028079679411105497,nan,0,nan,nan,nan,nan,nan,4.67e-05,8e-06,9.7e-06,1.06e-05,4.91e-05,nan,nan,nan,nan,nan,nan,nan,nan,nan,nan,0,05_resultados\revisao_operacional\campanha_v1\j00702.mat,campanha_v1,,,
j00703,windows,nvml_llama2_window12,heuristico_foresight,{},48.511437946496926,48.511437946496926,1,2.786157799832058,2.784292720820513,521,0,0,0,54.022490764436974,54.022490764436974,60,28.39316886892468,17784.726480003956,0,0,0.02839316886892468,nan,0,nan,nan,nan,nan,nan,4.58e-05,8.8e-06,1.2450000000000001e-05,2.395e-05,4.58e-05,nan,nan,nan,nan,nan,nan,nan,nan,nan,nan,0,05_resultados\revisao_operacional\campanha_v1\j00703.mat,campanha_v1,,,
j00704,windows,nvml_llama2_window12,miope_qp,{},28.37800867199944,28.37800867199944,1,0.17959875022043917,0.17940675892183305,47,0,0,0,53.07627969363182,53.07627969363182,60,33.015403085536356,41923.74892700878,0,0,0.033015403085536354,nan,0,nan,nan,nan,nan,nan,0.0012008,0.0005927,0.00070085,0.0008738,0.0012008,0.0010616,0.00052755,0.0006276,0.0007930000000000001,0.0010616,nan,nan,nan,nan,nan,0,05_resultados\revisao_operacional\campanha_v1\j00704.mat,campanha_v1,,,
j00705,windows,nvml_llama2_window12,mpc_qp_v5,{},0.006557877963047076,0,1,3.742085285430462e-05,0,0,0,0,0,51.420442505434735,51.420442505434735,60,40.75289809918437,242.92474415785824,0,0,0.04075289809918437,7.105427357601002e-15,0,0,0,2.3646862246096134e-11,333283.200808402,4015243775612013.0,0.0186363,0.03159315,0.0371379,0.043425099999999994,0.0527834,0.0129938,0.02684695,0.032153799999999996,0.0379581,0.0484383,0.0039818,0.0043015,0.0050607,0.005530200000000001,0.0111536,0,05_resultados\revisao_operacional\campanha_v1\j00705.mat,campanha_v1,,,
j00706,windows,nvml_llama2_window12,mpc_qp_estocastico_3cen,{},5.684341886080802e-14,0,1,2.4404674124545782e-15,0,0,0,0,0,40.29540417862998,40.29540417862998,60,93.59683015150738,576.6510412460411,0,0,0.09359683015150738,7.105427357601002e-15,0,0,0,2.241904439870268e-10,666566.4016168036,8030487551224027.0,0.0407831,0.05827735,0.0651812,0.07203884999999999,0.0926083,0.0263213,0.04562185,0.051339899999999994,0.05769995,0.0790816,0.0120152,0.0122145,0.013752899999999998,0.01483755,0.0241151,0,05_resultados\revisao_operacional\campanha_v1\j00706.mat,campanha_v1,,,
j00707,windows,nvml_llama2_window13,heuristico,{},56.184815798622765,56.184815798622765,1,3.5904662312283495,3.588753120749241,627,25,0,0,53.264598886709756,53.264598886709756,60,31.993155288128822,23041.15367712431,0,0,0.03199315528812882,nan,0,nan,nan,nan,nan,nan,4.27e-05,7.7e-06,9.8e-06,1.085e-05,4.27e-05,nan,nan,nan,nan,nan,nan,nan,nan,nan,nan,0,05_resultados\revisao_operacional\campanha_v1\j00707.mat,campanha_v1,,,
j00708,windows,nvml_llama2_window13,heuristico_foresight,{},52.587777546625944,52.587777546625944,1,3.5453006004868506,3.5429768573810683,615,24,0,0,53.203292399425315,53.203292399425315,60,32.2843611027304,22408.864646180522,0,0,0.0322843611027304,nan,0,nan,nan,nan,nan,nan,4.52e-05,8.7e-06,1.12e-05,1.465e-05,4.52e-05,nan,nan,nan,nan,nan,nan,nan,nan,nan,nan,0,05_resultados\revisao_operacional\campanha_v1\j00708.mat,campanha_v1,,,
j00709,windows,nvml_llama2_window13,miope_qp,{},31.626578896239238,31.626578896239238,1,0.2504208535586769,0.2502365015872793,56,0,0,0,51.91080812974779,51.91080812974779,60.00200326232022,38.55896245982151,50258.76494901871,0,0,0.03855896245982151,nan,0,nan,nan,nan,nan,nan,0.0012293,0.0005821,0.0006913500000000001,0.0008317,0.0012293,0.0010738,0.0005184499999999999,0.0006193500000000001,0.0007634,0.0010738,nan,nan,nan,nan,nan,0,05_resultados\revisao_operacional\campanha_v1\j00709.mat,campanha_v1,,,
j00710,windows,nvml_llama2_window13,mpc_qp_v5,{},0.0068848375548782315,0,1,4.7364039472148006e-05,0,0,0,0,0,49.912763852159216,49.912763852159216,60,47.91437170224384,273.830720917741,0,0,0.047914371702243844,7.105427357601002e-15,0,0,0,2.034994395216927e-11,333283.2021354289,4559227681840008.0,0.0239719,0.03180615,0.035651100000000005,0.03907365,0.0442564,0.0179278,0.027064249999999998,0.03069075,0.03366645,0.0390481,0.0042405,0.0043197,0.005044450000000001,0.0054211,0.0061956,0,05_resultados\revisao_operacional\campanha_v1\j00710.mat,campanha_v1,,,
j00711,windows,nvml_llama2_window13,mpc_qp_estocastico_3cen,{},5.684341886080802e-14,0,1,2.3766174213809184e-15,0,0,0,0,0,36.87259221077002,36.87259221077002,60,109.85518699884267,641.2162807957582,0,0,0.10985518699884267,7.105427357601002e-15,0,0,0,6.207301339600235e-11,666566.4042708572,9134444923331440.0,0.0539392,0.05884015,0.06694795,0.0727129,0.0828917,0.0391566,0.04607535,0.05290865,0.058688649999999995,0.0694519,0.0121729,0.0123745,0.0138889,0.01494995,0.0170927,0,05_resultados\revisao_operacional\campanha_v1\j00711.mat,campanha_v1,,,
j00712,windows,nvml_llama2_window14,heuristico,{},111.66670366222138,111.66670366222138,1,7.776753439298462,7.776541385371574,654,232,43,0,56.4567042027223,56.45355319630657,60,21.982165780225376,48983.08700586126,0,0,0.021982165780225375,nan,0,nan,nan,nan,nan,nan,4.16e-05,7.8e-06,1.0350000000000001e-05,1.675e-05,4.16e-05,nan,nan,nan,nan,nan,nan,nan,nan,nan,nan,0,05_resultados\revisao_operacional\campanha_v1\j00712.mat,campanha_v1,,,
j00713,windows,nvml_llama2_window14,heuristico_foresight,{},80.10364668394318,80.10364668394318,1,2.275767386484165,2.2690448706818125,489,37,0,0,52.262111310841085,52.262111310841085,60,36.75497127350471,18441.564814165355,0,0,0.03675497127350471,nan,0,nan,nan,nan,nan,nan,4.51e-05,8.7e-06,1.12e-05,1.555e-05,5.5e-05,nan,nan,nan,nan,nan,nan,nan,nan,nan,nan,0,05_resultados\revisao_operacional\campanha_v1\j00713.mat,campanha_v1,,,
j00714,windows,nvml_llama2_window14,miope_qp,{},155.9221406403826,155.9221406403826,1,4.638157568375469,4.638153346673618,211,174,49,0,56.05047756629863,56.04530961784267,60,27.84641587716706,91477.0290264533,0,0,0.02784641587716706,nan,0,nan,nan,nan,nan,nan,0.001198,0.00057345,0.00068145,0.00082555,0.001198,0.0010579,0.00051,0.0006019,0.0007356,0.0010579,nan,nan,nan,nan,nan,0,05_resultados\revisao_operacional\campanha_v1\j00714.mat,campanha_v1,,,
j00715,windows,nvml_llama2_window14,mpc_qp_v5,{},2.2565953445253086,2.2565953445253086,1,0.0006744798331806716,0.000626832040145919,1,0,0,0,49.7479805290371,49.7479805290371,60,48.69709248707394,473.3115448732634,0,0,0.04869709248707394,7.105427357601002e-15,0,0,0,6.821210263296962e-13,333283.2021354289,4477532848870821.0,0.0237266,0.025036450000000002,0.0269434,0.0291214,0.0402558,0.0173178,0.020498549999999997,0.022213200000000002,0.02401605,0.0348159,0.0042514,0.00414705,0.0048728999999999995,0.00536175,0.0119907,0,05_resultados\revisao_operacional\campanha_v1\j00715.mat,campanha_v1,,,
j00716,windows,nvml_llama2_window14,mpc_qp_estocastico_3cen,{},1.8725032071505154,1.8725032071505154,1,0.0005201397797652637,0.0005201397797640321,1,0,0,0,36.6070188914152,36.6070188914152,60,111.1166602657781,836.0629642840395,0,0,0.1111166602657781,7.105427357601002e-15,0,0,0,0.0001151651637201212,666566.4042708572,9320675460186128.0,0.0597746,0.0563358,0.06257475000000001,0.06858710000000001,0.0836408,0.0450647,0.04356645,0.0485251,0.05416565,0.0687871,0.0116212,0.0122584,0.014266000000000001,0.0153815,0.01938,0,05_resultados\revisao_operacional\campanha_v1\j00716.mat,campanha_v1,,,
j00717,windows,nvml_llama2_window15,heuristico,{},113.93798169743309,113.93798169743309,1,7.769170082452327,7.768874136380576,656,233,44,0,56.51741873591236,56.51741873591236,60,22.13240818828409,48565.93020478197,0,0,0.02213240818828409,nan,0,nan,nan,nan,nan,nan,4.3e-05,8e-06,1.02e-05,1.1e-05,4.3e-05,nan,nan,nan,nan,nan,nan,nan,nan,nan,nan,0,05_resultados\revisao_operacional\campanha_v1\j00717.mat,campanha_v1,,,
j00718,windows,nvml_llama2_window15,heuristico_foresight,{},88.08330251923512,88.08330251923512,1,2.370352810288373,2.3635752967664896,492,40,0,0,52.35748069912397,52.35748069912397,60,36.30196667916116,18501.869849354243,0,0,0.03630196667916116,nan,0,nan,nan,nan,nan,nan,4.52e-05,8.5e-06,1.1e-05,1.745e-05,5.65e-05,nan,nan,nan,nan,nan,nan,nan,nan,nan,nan,0,05_resultados\revisao_operacional\campanha_v1\j00718.mat,campanha_v1,,,
j00719,windows,nvml_llama2_window15,miope_qp,{},151.80713468337734,151.80713468337734,1,4.657919649087507,4.657915437764939,212,172,49,0,56.06979593758781,56.06979593758781,60,28.070901849726432,91510.19139180033,0,0,0.028070901849726434,nan,0,nan,nan,nan,nan,nan,0.0012125,0.00058215,0.0006882500000000001,0.00081405,0.0012125,0.0010616,0.0005172,0.0006125,0.0007309,0.0010616,nan,nan,nan,nan,nan,0,05_resultados\revisao_operacional\campanha_v1\j00719.mat,campanha_v1,,,
j00720,windows,nvml_llama2_window15,mpc_qp_v5,{},3.859464645531574,3.859464645531574,1,0.001116293656982579,0.0010720735126476593,1,0,0,0,49.50975880716809,49.50975880716809,60,49.82864566595137,773.560404895079,0,0,0.04982864566595137,7.105427357601002e-15,0,0,0,4.320099833421409e-12,333283.2021354289,4468273394690823.0,0.0248631,0.02472495,0.026576500000000003,0.02735545,0.0286159,0.0187067,0.0201788,0.02185235,0.022662099999999998,0.0243704,0.0040351,0.0042099,0.00484195,0.005141649999999999,0.0055534,0,05_resultados\revisao_operacional\campanha_v1\j00720.mat,campanha_v1,,,
j00721,windows,nvml_llama2_window15,mpc_qp_estocastico_3cen,{},5.684341886080802e-14,0,1,1.365821036516637e-15,0,0,0,0,0,36.531752831455826,36.531752831455826,60,111.47417405058454,941.2716969182682,0,0,0.11147417405058453,7.105427357601002e-15,0,0,0,0.006388261860365674,666566.4042708572,9311416006006136.0,0.0585225,0.0555461,0.05929825,0.06110665,0.0626929,0.0433517,0.0430769,0.0465671,0.0479791,0.0500492,0.0122921,0.012147999999999999,0.013055549999999999,0.01352955,0.0151388,0,05_resultados\revisao_operacional\campanha_v1\j00721.mat,campanha_v1,,,
j00722,windows,nvml_llama2_window16,heuristico,{},94.32479100515476,94.32479100515476,1,6.642145335002374,6.641725114770894,651,182,0,0,55.43572536863662,55.4195141718691,60,22.72338946618666,42243.03443532428,0,0,0.02272338946618666,nan,0,nan,nan,nan,nan,nan,4.19e-05,7.6e-06,9.8e-06,1.06e-05,4.19e-05,nan,nan,nan,nan,nan,nan,nan,nan,nan,nan,0,05_resultados\revisao_operacional\campanha_v1\j00722.mat,campanha_v1,,,
j00723,windows,nvml_llama2_window16,heuristico_foresight,{},88.1130388259541,88.1130388259541,1,2.2657167681304666,2.262422514899458,524,28,0,0,52.237655529108174,52.221464591584756,60,37.033258650622905,22294.934145515715,0,0,0.0370332586506229,nan,0,nan,nan,nan,nan,nan,4.65e-05,8.4e-06,1.08e-05,1.17e-05,4.65e-05,nan,nan,nan,nan,nan,nan,nan,nan,nan,nan,0,05_resultados\revisao_operacional\campanha_v1\j00723.mat,campanha_v1,,,
j00724,windows,nvml_llama2_window16,miope_qp,{},125.16359475717289,125.16359475717289,1,3.2834004095998828,3.283397359874605,211,91,33,0,55.151857851299376,55.130731869021034,60,27.161151791373644,76174.90476271424,0,0,0.027161151791373645,nan,0,nan,nan,nan,nan,nan,0.0011813,0.0005739499999999999,0.00070405,0.0008659,0.0011813,0.0010441,0.0005107,0.0006346,0.0007882,0.0010441,nan,nan,nan,nan,nan,0,05_resultados\revisao_operacional\campanha_v1\j00724.mat,campanha_v1,,,
j00725,windows,nvml_llama2_window16,mpc_qp_v5,{},3.861487873599458,3.861487873599458,1,0.001121366097861377,0.001072635520444294,1,0,0,0,49.564844999442435,49.564844999442435,60,49.566986252648896,887.1400055440612,0,0,0.049566986252648895,7.105427357601002e-15,0,0,0,1.5916157281026244e-12,333283.2021354289,4477828333553725.5,0.0252529,0.025358600000000002,0.02688455,0.02835395,0.0358977,0.0188299,0.0207091,0.022141550000000003,0.0232236,0.0299439,0.0042626,0.004270899999999999,0.0049045,0.0052109,0.0074554,0,05_resultados\revisao_operacional\campanha_v1\j00725.mat,campanha_v1,,,
j00726,windows,nvml_llama2_window16,mpc_qp_estocastico_3cen,{},5.684341886080802e-14,0,1,1.3026616822268502e-15,0,0,0,0,0,36.62104154956028,36.62104154956028,60,111.05005263958884,1101.9979333957363,0,0,0.11105005263958884,7.105427357601002e-15,0,0,0,2.0588686311384663e-10,666566.4042708572,9304971015215814.0,0.0623295,0.0568474,0.06082965,0.062318700000000005,0.0636234,0.0471484,0.044344999999999996,0.048142149999999995,0.049687300000000004,0.0514994,0.0120453,0.012110300000000001,0.012984,0.013640699999999999,0.016294,0,05_resultados\revisao_operacional\campanha_v1\j00726.mat,campanha_v1,,,
j00727,windows,nvml_llama2_window17,heuristico,{},56.14852417931064,56.14852417931064,1,3.3272253179189932,3.3257075407609156,580,21,0,0,53.78500208256011,53.78500208256011,60,29.521240107839606,21252.012762492963,0,0,0.029521240107839606,nan,0,nan,nan,nan,nan,nan,4.11e-05,7.7e-06,1.02e-05,1.6000000000000003e-05,4.44e-05,nan,nan,nan,nan,nan,nan,nan,nan,nan,nan,0,05_resultados\revisao_operacional\campanha_v1\j00727.mat,campanha_v1,,,
j00728,windows,nvml_llama2_window17,heuristico_foresight,{},52.544871143458465,52.544871143458465,1,3.281966360116291,3.279837384651937,568,20,0,0,53.72357432385168,53.72357432385168,60,29.813021961704308,20619.50530598896,0,0,0.02981302196170431,nan,0,nan,nan,nan,nan,nan,4.64e-05,8.6e-06,1.09e-05,1.8049999999999998e-05,4.64e-05,nan,nan,nan,nan,nan,nan,nan,nan,nan,nan,0,05_resultados\revisao_operacional\campanha_v1\j00728.mat,campanha_v1,,,
j00729,windows,nvml_llama2_window17,miope_qp,{},31.592389474374983,31.592389474374983,1,0.2313123973128194,0.23113902699971106,52,0,0,0,52.52285523941541,52.52285523941541,60,35.66759002868944,46870.060340031065,0,0,0.03566759002868944,nan,0,nan,nan,nan,nan,nan,0.0011902,0.00059225,0.00068465,0.0008525,0.0011902,0.0010515,0.0005275,0.00061575,0.0007689999999999999,0.0010515,nan,nan,nan,nan,nan,0,05_resultados\revisao_operacional\campanha_v1\j00729.mat,campanha_v1,,,
j00730,windows,nvml_llama2_window17,mpc_qp_v5,{},0.006861855704471509,0,1,4.2844551002602355e-05,0,0,0,0,0,50.71669423024811,50.71669423024811,60,44.09570240632161,259.0416584640707,0,0,0.04409570240632161,7.105427357601002e-15,0,0,0,1.864464138634503e-11,333283.200808402,4015243775612013.0,0.0190292,0.0313846,0.034651249999999995,0.036154900000000004,0.0374383,0.0134265,0.0267587,0.029948000000000002,0.031395099999999995,0.0327768,0.0039431,0.00429535,0.00490295,0.00519325,0.0053687,0,05_resultados\revisao_operacional\campanha_v1\j00730.mat,campanha_v1,,,
j00731,windows,nvml_llama2_window17,mpc_qp_estocastico_3cen,{},5.684341886080802e-14,0,1,2.383655580017062e-15,0,0,0,0,0,38.67169609837261,38.67169609837261,60,101.30944353273031,606.3204633645593,0,0,0.10130944353273032,7.105427357601002e-15,0,0,0,2.8626345738302916e-10,666566.4016168036,8030487551224027.0,0.0428043,0.05831795,0.0640332,0.07043005,0.1795446,0.0275081,0.045706,0.05031365,0.0547256,0.0887575,0.0121097,0.01225555,0.01391915,0.016060699999999997,0.1040409,0,05_resultados\revisao_operacional\campanha_v1\j00731.mat,campanha_v1,,,
j00732,windows,nvml_llama2_window18,heuristico,{},113.8333932375989,113.8333932375989,1,7.794761023101855,7.794548969174968,656,229,43,0,56.444530689577824,56.44345489661063,60,22.04512255407451,49094.99193210474,0,0,0.02204512255407451,nan,0,nan,nan,nan,nan,nan,4.38e-05,7.9e-06,1.06e-05,1.3700000000000001e-05,5.42e-05,nan,nan,nan,nan,nan,nan,nan,nan,nan,nan,0,05_resultados\revisao_operacional\campanha_v1\j00732.mat,campanha_v1,,,
j00733,windows,nvml_llama2_window18,heuristico_foresight,{},85.61279750902398,85.61279750902398,1,2.3639573955700977,2.3580231181930564,495,40,0,0,52.31099901230834,52.310519299101806,60,36.52755813561679,18956.24964016854,0,0,0.03652755813561679,nan,0,nan,nan,nan,nan,nan,4.76e-05,8.8e-06,1.04e-05,1.72e-05,4.91e-05,nan,nan,nan,nan,nan,nan,nan,nan,nan,nan,0,05_resultados\revisao_operacional\campanha_v1\j00733.mat,campanha_v1,,,
j00734,windows,nvml_llama2_window18,miope_qp,{},155.92204304713445,155.92204304713445,1,4.70534321123669,4.7053389593213,213,175,49,0,56.02300226572458,56.017833689947736,60,27.980484851035698,91821.08878755219,0,0,0.027980484851035697,nan,0,nan,nan,nan,nan,nan,0.0011996,0.0005855999999999999,0.00068665,0.0008083,0.0011996,0.0010605,0.0005204000000000001,0.0006127999999999999,0.00072875,0.0010605,nan,nan,nan,nan,nan,0,05_resultados\revisao_operacional\campanha_v1\j00734.mat,campanha_v1,,,
j00735,windows,nvml_llama2_window18,mpc_qp_v5,{},3.7513439848390533,3.7513439848390533,1,0.001089470580174263,0.0010420399957886258,1,0,0,0,49.550189100342706,49.550189100342706,60,49.636601773372,764.7429813782128,0,0,0.049636601773372,7.105427357601002e-15,0,0,0,6.821210263296962e-13,333283.2021354289,4469532707595185.5,0.0254265,0.02509535,0.0270395,0.02828125,0.0325348,0.0188579,0.020499499999999997,0.02222195,0.02329165,0.02808,0.0044571,0.0042003000000000006,0.00490335,0.0052417,0.0057979,0,05_resultados\revisao_operacional\campanha_v1\j00735.mat,campanha_v1,,,
j00736,windows,nvml_llama2_window18,mpc_qp_estocastico_3cen,{},5.684341886080802e-14,0,1,1.5000346643824337e-15,0,0,0,0,0,36.55952468378872,36.55952468378872,60,111.34225775200366,969.1280960231352,0,0,0.11134225775200367,7.105427357601002e-15,0,0,0,5.10453901370056e-11,666566.4042708572,9312675318910496.0,0.059388,0.0557899,0.0595248,0.06250685,0.0771606,0.0434422,0.04315755,0.046702999999999995,0.04899635,0.0582106,0.0123138,0.01216825,0.01324345,0.01423555,0.0201902,0,05_resultados\revisao_operacional\campanha_v1\j00736.mat,campanha_v1,,,
j00737,windows,nvml_llama2_window19,heuristico,{},113.93798169743309,113.93798169743309,1,7.745030987076738,7.744735041004987,652,233,44,0,56.53910106039944,56.536199728097564,60,22.073441748109488,48658.94030735196,0,0,0.022073441748109487,nan,0,nan,nan,nan,nan,nan,4.27e-05,7.9e-06,9.5e-06,1.735e-05,4.27e-05,nan,nan,nan,nan,nan,nan,nan,nan,nan,nan,0,05_resultados\revisao_operacional\campanha_v1\j00737.mat,campanha_v1,,,
j00738,windows,nvml_llama2_window19,heuristico_foresight,{},80.17904046090607,80.17904046090607,1,2.330060257491699,2.3229773614183635,487,37,0,0,52.364947025931464,52.364947025931464,60,36.26650162682555,18477.932150565477,0,0,0.03626650162682555,nan,0,nan,nan,nan,nan,nan,4.39e-05,8.6e-06,1.1e-05,1.35e-05,6.21e-05,nan,nan,nan,nan,nan,nan,nan,nan,nan,nan,0,05_resultados\revisao_operacional\campanha_v1\j00738.mat,campanha_v1,,,
j00739,windows,nvml_llama2_window19,miope_qp,{},151.807134284118,151.807134284118,1,4.611472798013199,4.611468706136628,209,172,48,0,56.07478695975835,56.066872763596066,60,28.055608351550465,91043.14047567017,0,0,0.028055608351550465,nan,0,nan,nan,nan,nan,nan,0.0011816,0.00057525,0.0006675,0.0008449499999999999,0.0011816,0.0010456,0.0005117,0.00059825,0.00075595,0.0010456,nan,nan,nan,nan,nan,0,05_resultados\revisao_operacional\campanha_v1\j00739.mat,campanha_v1,,,
j00740,windows,nvml_llama2_window19,mpc_qp_v5,{},0.004888685951243588,0,1,4.492581044866976e-05,0,0,0,0,0,49.556689011110116,49.556689011110116,60,49.60572719722749,717.0351289680303,0,0,0.04960572719722749,7.105427357601002e-15,0,0,0,1.9326762412674725e-12,333283.2021354289,4515991170271805.0,0.023659,0.024760499999999998,0.026585499999999998,0.02853995,0.0351255,0.0175748,0.020239550000000002,0.022014699999999998,0.024048899999999998,0.0298027,0.0043429,0.0041508,0.0047929,0.005015449999999999,0.0053611,0,05_resultados\revisao_operacional\campanha_v1\j00740.mat,campanha_v1,,,
j00741,windows,nvml_llama2_window19,mpc_qp_estocastico_3cen,{},5.684341886080802e-14,0,1,1.3105566015130736e-15,0,0,0,0,0,36.53478939481812,36.53478939481812,60,111.45975037461375,941.4518957571358,0,0,0.11145975037461375,7.105427357601002e-15,0,0,0,0.0004249890280334512,666566.4042708572,9359133781587116.0,0.0561312,0.056406899999999996,0.0625052,0.0705618,0.1039876,0.0411573,0.0436741,0.048374349999999997,0.0551567,0.0674614,0.0120898,0.012270900000000001,0.014109199999999999,0.0160487,0.0522324,0,05_resultados\revisao_operacional\campanha_v1\j00741.mat,campanha_v1,,,
j00742,windows,nvml_llama2_window20,heuristico,{},94.32479237452141,94.32479237452141,1,6.706580916334244,6.706160695475625,657,185,0,0,55.38254811086508,55.38254811086508,60,22.81702631583937,42401.83450443307,0,0,0.02281702631583937,nan,0,nan,nan,nan,nan,nan,5.77e-05,7.8e-06,1e-05,1.235e-05,5.77e-05,nan,nan,nan,nan,nan,nan,nan,nan,nan,nan,0,05_resultados\revisao_operacional\campanha_v1\j00742.mat,campanha_v1,,,
j00743,windows,nvml_llama2_window20,heuristico_foresight,{},82.87527321682069,82.87527321682069,1,2.3166427140692143,2.3135927693617604,532,28,0,0,52.17592136056804,52.17592136056804,60,37.16437353730273,22477.29159082956,0,0,0.03716437353730273,nan,0,nan,nan,nan,nan,nan,5.19e-05,8.7e-06,1.09e-05,1.275e-05,5.19e-05,nan,nan,nan,nan,nan,nan,nan,nan,nan,nan,0,05_resultados\revisao_operacional\campanha_v1\j00743.mat,campanha_v1,,,
j00744,windows,nvml_llama2_window20,miope_qp,{},125.16359651348634,125.16359651348634,1,3.321328849379008,3.321325949242169,214,90,36,0,55.074627491300205,55.074627491300205,60,27.35700282726618,77016.10164387117,0,0,0.027357002827266177,nan,0,nan,nan,nan,nan,nan,0.0012054,0.0005725,0.0006696499999999999,0.0008234500000000001,0.0012054,0.0010607,0.00050945,0.0006007,0.00072375,0.0010607,nan,nan,nan,nan,nan,0,05_resultados\revisao_operacional\campanha_v1\j00744.mat,campanha_v1,,,
j00745,windows,nvml_llama2_window20,mpc_qp_v5,{},0.18187135648480535,0,1,0.0001000475327296519,0,0,0,0,0,49.73729028279411,49.73729028279411,60,48.74787115672819,399.50038149781307,0,0,0.04874787115672819,7.105427357601002e-15,0,0,0,3.069544618483633e-12,333283.2021354289,4535470854353401.0,0.024174,0.0257943,0.03091485,0.03792105,0.042641,0.0180913,0.02113495,0.025711249999999998,0.0328631,0.0364373,0.0043635,0.0043482,0.005091699999999999,0.0057325,0.0066741,0,05_resultados\revisao_operacional\campanha_v1\j00745.mat,campanha_v1,,,
j00746,windows,nvml_llama2_window20,mpc_qp_estocastico_3cen,{},5.684341886080802e-14,0,1,1.436875310092647e-15,0,0,0,0,0,36.5182714003699,36.5182714003699,60,111.53821084824276,794.8931386456795,0,0,0.11153821084824275,7.105427357601002e-15,0,0,0,2.0440893422346562e-10,666566.4042708572,9378613465668710.0,0.0628772,0.056598300000000004,0.0621598,0.06949105,0.086162,0.0473824,0.0437814,0.0486751,0.055022749999999995,0.0712529,0.0128134,0.012243549999999999,0.014110649999999999,0.0151857,0.0170934,0,05_resultados\revisao_operacional\campanha_v1\j00746.mat,campanha_v1,,,
