id,group,scenario,ctrl,forecast_load_factor,params_json,P_raw_kW,P_filtered_kW,filter_kW,E_raw_kWh,E_filtered_kWh,T_gt1_s,T_gt50_s,T_gt100_s,T_gt350_s,SOC_final,SOC_min,SOC_max,throughput_kWh,u_total_variation,source_violation_kW,fallback_pct,EFC,recovery_event_starts_s,recovery_s,SOC_at_events,soc_prediction_max_error_pp,soc_sign_mismatches,soc_prediction_violation_pp,ineq_residual,eq_residual,hess_cond,constraint_gram_cond,cycle_first_s,cycle_p50_s,cycle_p95_s,cycle_p99_s,cycle_max_s,qp_first_s,qp_p50_s,qp_p95_s,qp_p99_s,qp_max_s,assembly_first_s,assembly_p50_s,assembly_p95_s,assembly_p99_s,assembly_max_s,overruns,evidence,campaign
j00407,magnitude,perda_fonte,heuristico,0.8,{},592.6122638850534,592.6122638850534,1,14.754610453615202,14.754610453615202,150,150,150,150,57.93978528855198,56.5039066455025,60,24.16369944991276,850,0,0,0.02416369944991276,500,150,60,nan,0,nan,nan,nan,nan,nan,3.96e-05,7.9e-06,1.04e-05,1.78e-05,3.96e-05,nan,nan,nan,nan,nan,nan,nan,nan,nan,nan,0,05_resultados\revisao_operacional\campanha_v1\j00407.mat,campanha_v1
j00408,magnitude,perda_fonte,heuristico_foresight,0.8,{},362.4661767623983,362.4661767623983,1,14.59213408735375,14.59213408735375,150,150,150,150,57.54164304310025,56.110329959008375,60,26.00915945308827,850,0,0,0.02600915945308827,500,150,59.672412178472214,nan,0,nan,nan,nan,nan,nan,4.27e-05,8.8e-06,1.1e-05,1.47e-05,4.27e-05,nan,nan,nan,nan,nan,nan,nan,nan,nan,nan,0,05_resultados\revisao_operacional\campanha_v1\j00408.mat,campanha_v1
j00409,magnitude,perda_fonte,miope_qp,0.8,{},592.6116232891053,592.6116232891053,1,14.754610001373313,14.75461000137331,150,150,150,150,57.9147667951044,56.47501255161039,60,24.32134429297718,1150.0008251042025,0,0,0.02432134429297718,500,150,59.99996967342122,nan,0,nan,nan,nan,nan,nan,0.0012117,0.0005814500000000001,0.00069315,0.0009074,0.0012457,0.0010772,0.0005173,0.0006158,0.00080935,0.0011733,nan,nan,nan,nan,nan,0,05_resultados\revisao_operacional\campanha_v1\j00409.mat,campanha_v1
j00410,magnitude,perda_fonte,mpc_qp_v5,0.8,{},350.0284008865277,350.0284008865277,1,14.588411382289273,14.58335338353518,150,150,150,150,57.04279545853822,55.64734957063903,60.06625344895481,28.682947826495624,1832.4301556731048,0,0.33333333333333337,0.028682947826495626,500,150,59.28830223744733,0.11692923455369453,852,0,0,1.4925139225852035e-05,333283.200808402,4015243775612013.0,0.0198745,0.02113745,0.03445465,0.04031815,0.1030511,0.0141596,0.01692585,0.0295594,0.0355783,0.0978636,0.0038315,0.00406145,0.0048999000000000004,0.00538615,0.0058402,0,05_resultados\revisao_operacional\campanha_v1\j00410.mat,campanha_v1
j00411,magnitude,perda_fonte,mpc_qp_estocastico_3cen,0.8,{},350.00089353422436,350.00089353422436,1,14.588264391993922,14.583333964181879,150,150,150,150,56.81437009644379,55.41899813894281,60.04823609007993,29.58681736043249,1544.1531549935337,0,0.08333333333333334,0.02958681736043249,500,150,59.059968216335584,0.1169899275556574,852,0,0,0.08704435984344627,666566.4016168036,8030487551224027.0,0.0413031,0.0441061,0.06934989999999999,0.10129075,0.2847659,0.0260244,0.0329255,0.05748025,0.09002379999999999,0.2738529,0.0110565,0.010957399999999999,0.012027699999999999,0.01384525,0.0246364,0,05_resultados\revisao_operacional\evento_adiantado_corrigido_v1\j00411.mat,evento_adiantado_corrigido_v1
j00412,magnitude,perda_fonte,heuristico,0.9,{},592.6122638850534,592.6122638850534,1,14.754610453615202,14.754610453615202,150,150,150,150,57.93978528855198,56.5039066455025,60,24.16369944991276,850,0,0,0.02416369944991276,500,150,60,nan,0,nan,nan,nan,nan,nan,3.92e-05,7.9e-06,1.01e-05,1.465e-05,4.25e-05,nan,nan,nan,nan,nan,nan,nan,nan,nan,nan,0,05_resultados\revisao_operacional\campanha_v1\j00412.mat,campanha_v1
j00413,magnitude,perda_fonte,heuristico_foresight,0.9,{},362.4661767623983,362.4661767623983,1,14.59213408735375,14.59213408735375,150,150,150,150,57.54164304310025,56.110329959008375,60,26.00915945308827,850,0,0,0.02600915945308827,500,150,59.672412178472214,nan,0,nan,nan,nan,nan,nan,4.32e-05,8.7e-06,1.1e-05,1.27e-05,5.1e-05,nan,nan,nan,nan,nan,nan,nan,nan,nan,nan,0,05_resultados\revisao_operacional\campanha_v1\j00413.mat,campanha_v1
j00414,magnitude,perda_fonte,miope_qp,0.9,{},592.6116232891053,592.6116232891053,1,14.754610001373313,14.75461000137331,150,150,150,150,57.9147667951044,56.47501255161039,60,24.32134429297718,1150.0008251042025,0,0,0.02432134429297718,500,150,59.99996967342122,nan,0,nan,nan,nan,nan,nan,0.0011943,0.00057515,0.00068455,0.00085765,0.0012452,0.0010567,0.00051185,0.00061085,0.0007822,0.0011744,nan,nan,nan,nan,nan,0,05_resultados\revisao_operacional\campanha_v1\j00414.mat,campanha_v1
j00415,magnitude,perda_fonte,mpc_qp_v5,0.9,{},350.1800440329546,350.1800440329546,1,14.586946204783946,14.58346043913635,150,150,150,150,57.104657913256766,55.709612878131836,60.03246902471363,28.046798590151166,1834.6681795105892,0,1.3333333333333335,0.028046798590151165,500,150,59.350568120329456,0.117042825874627,853,0,0,0.0005022523047841787,333283.200808402,4015243775612013.0,0.0191648,0.020930749999999998,0.030602650000000002,0.03984745,0.1150049,0.0135831,0.0167654,0.0262856,0.03555295,0.1106545,0.0039315,0.003922800000000001,0.0046019500000000005,0.004938100000000001,0.0053033,0,05_resultados\revisao_operacional\campanha_v1\j00415.mat,campanha_v1
j00416,magnitude,perda_fonte,mpc_qp_estocastico_3cen,0.9,{},350.0002619216094,350.0002619216094,1,14.583333518253776,14.583333518253772,150,150,150,150,54.827580592308166,54.827580592308166,60,24.568992186535688,1894.0802889208658,0,0.16666666666666669,0.024568992186535688,500,150,58.78873063162259,0.1238852124396459,58,0,0,0.048880821517400364,666566.4042708572,8858386386927326.0,0.0493418,0.051666550000000006,0.060794,0.1055705,0.1734669,0.0345625,0.04028845,0.048905050000000005,0.09412525,0.1617603,0.0122204,0.01121015,0.01220585,0.0135835,0.0151283,0,05_resultados\revisao_operacional\evento_adiantado_corrigido_v1\j00416.mat,evento_adiantado_corrigido_v1
j00417,magnitude,perda_fonte,heuristico,1,{},592.6122638850534,592.6122638850534,1,14.754610453615202,14.754610453615202,150,150,150,150,57.93978528855198,56.5039066455025,60,24.16369944991276,850,0,0,0.02416369944991276,500,150,60,nan,0,nan,nan,nan,nan,nan,4.27e-05,8e-06,9.149999999999999e-06,1.565e-05,4.27e-05,nan,nan,nan,nan,nan,nan,nan,nan,nan,nan,0,05_resultados\revisao_operacional\campanha_v1\j00417.mat,campanha_v1
j00418,magnitude,perda_fonte,heuristico_foresight,1,{},362.4661767623983,362.4661767623983,1,14.59213408735375,14.59213408735375,150,150,150,150,57.54164304310025,56.110329959008375,60,26.00915945308827,850,0,0,0.02600915945308827,500,150,59.672412178472214,nan,0,nan,nan,nan,nan,nan,4.67e-05,8.9e-06,1.23e-05,2.17e-05,0.0001063,nan,nan,nan,nan,nan,nan,nan,nan,nan,nan,0,05_resultados\revisao_operacional\campanha_v1\j00418.mat,campanha_v1
j00419,magnitude,perda_fonte,miope_qp,1,{},592.6116232891053,592.6116232891053,1,14.754610001373313,14.75461000137331,150,150,150,150,57.9147667951044,56.47501255161039,60,24.32134429297718,1150.0008251042025,0,0,0.02432134429297718,500,150,59.99996967342122,nan,0,nan,nan,nan,nan,nan,0.0012088,0.00063995,0.0008761,0.00110005,0.0012653,0.0010639,0.0005660999999999999,0.0007713500000000001,0.00097595,0.0011589,nan,nan,nan,nan,nan,0,05_resultados\revisao_operacional\campanha_v1\j00419.mat,campanha_v1
j00420,magnitude,perda_fonte,mpc_qp_v5,1,{},350.0673643906158,350.0673643906158,1,14.583380890632919,14.583380890632919,150,150,150,150,57.09765980475696,55.703914844740474,60,27.741904277043087,1655.8768161818073,0,1.5833333333333335,0.027741904277043088,500,150,59.3449119390287,0.014570765323362878,733,0,0,0.003397654078071355,333283.200808402,4015243775612013.0,0.0220029,0.0267838,0.03554065,0.04290295,0.056606,0.0154797,0.02188285,0.0302119,0.0371725,0.050967,0.004896,0.00453665,0.00518365,0.00553915,0.0067357,0,05_resultados\revisao_operacional\campanha_v1\j00420.mat,campanha_v1
j00421,magnitude,perda_fonte,mpc_qp_estocastico_3cen,1,{},350.0000079452134,350.0000079452134,1,14.58333333895582,14.583333338955818,150,150,150,150,49.403721718446974,49.403721718446974,60,50.33232183737638,831.9827192014416,0,0,0.050332321837376376,500,150,56.199886737852154,7.105427357601002e-15,0,0,0,5.684341886080801e-13,666566.4042708572,8858386386927326.0,0.0445117,0.05115565,0.0632679,0.10762645,0.1139511,0.03144,0.039544499999999996,0.051926150000000004,0.09523000000000001,0.1026785,0.0105355,0.01119905,0.0120902,0.012720849999999999,0.014145,0,05_resultados\revisao_operacional\evento_adiantado_corrigido_v1\j00421.mat,evento_adiantado_corrigido_v1
j00422,magnitude,perda_fonte,heuristico,1.1,{},592.6122638850534,592.6122638850534,1,14.754610453615202,14.754610453615202,150,150,150,150,57.93978528855198,56.5039066455025,60,24.16369944991276,850,0,0,0.02416369944991276,500,150,60,nan,0,nan,nan,nan,nan,nan,5.62e-05,8.1e-06,1.02e-05,1.38e-05,5.62e-05,nan,nan,nan,nan,nan,nan,nan,nan,nan,nan,0,05_resultados\revisao_operacional\campanha_v1\j00422.mat,campanha_v1
j00423,magnitude,perda_fonte,heuristico_foresight,1.1,{},487.95479043929083,487.95479043929083,1,14.680725356544183,14.680725356544183,150,150,150,150,54.93646417263519,54.93646417263519,60,24.051795179982392,774.9999999999999,0,0,0.02405179517998239,500,150,59.262630780669895,nan,0,nan,nan,nan,nan,nan,4.48e-05,8.4e-06,1.14e-05,1.325e-05,4.84e-05,nan,nan,nan,nan,nan,nan,nan,nan,nan,nan,0,05_resultados\revisao_operacional\campanha_v1\j00423.mat,campanha_v1
j00424,magnitude,perda_fonte,miope_qp,1.1,{},592.6116232891053,592.6116232891053,1,14.754610001373313,14.75461000137331,150,150,150,150,57.9147667951044,56.47501255161039,60,24.32134429297718,1150.0008251042025,0,0,0.02432134429297718,500,150,59.99996967342122,nan,0,nan,nan,nan,nan,nan,0.0012089,0.0005961,0.0007739,0.0009089,0.0012089,0.0010694,0.0005296,0.00067375,0.00081025,0.0010694,nan,nan,nan,nan,nan,0,05_resultados\revisao_operacional\campanha_v1\j00424.mat,campanha_v1
j00425,magnitude,perda_fonte,mpc_qp_v5,1.1,{},350.6326973947424,350.6326973947424,1,14.583779999091119,14.583779999091117,150,150,150,150,53.609668280486474,53.609668280486474,60,30.354075667688804,1494.3720215465373,0,2.166666666666667,0.030354075667688805,500,150,58.764050821227436,7.105427357601002e-15,0,0,0,0.001690126710570894,333283.2021354289,4843142611315303.0,0.0247373,0.028607399999999998,0.0389861,0.047517000000000004,0.1032333,0.0183468,0.02384555,0.034168699999999996,0.042814950000000004,0.0987251,0.0044602,0.00449745,0.0052534,0.005711900000000001,0.0064836,0,05_resultados\revisao_operacional\campanha_v1\j00425.mat,campanha_v1
j00426,magnitude,perda_fonte,mpc_qp_estocastico_3cen,1.1,{},350.000637300668,350.000637300668,1,14.58333378327418,14.58333378327418,150,150,150,150,44.04268518508106,44.04268518508106,60,75.79724537086572,3552.9107630979997,0,0.5,0.07579724537086573,500,150,53.88407144089551,7.105427357601002e-15,0,0,0,0.006983822313486598,666566.4042708572,9686285222630616.0,0.0484365,0.0625265,0.07279125,0.10809215,0.1657471,0.0336084,0.05110005,0.059421,0.0969305,0.1540073,0.0120274,0.0111538,0.01207835,0.01265785,0.0159017,0,05_resultados\revisao_operacional\evento_adiantado_corrigido_v1\j00426.mat,evento_adiantado_corrigido_v1
j00427,magnitude,perda_fonte,heuristico,1.2,{},592.6122638850534,592.6122638850534,1,14.754610453615202,14.754610453615202,150,150,150,150,57.93978528855198,56.5039066455025,60,24.16369944991276,850,0,0,0.02416369944991276,500,150,60,nan,0,nan,nan,nan,nan,nan,4.33e-05,8e-06,1.01e-05,1.6049999999999997e-05,4.33e-05,nan,nan,nan,nan,nan,nan,nan,nan,nan,nan,0,05_resultados\revisao_operacional\campanha_v1\j00427.mat,campanha_v1
j00428,magnitude,perda_fonte,heuristico_foresight,1.2,{},460.36383235143273,460.36383235143273,1,14.661246951902019,14.661246951902017,150,150,150,150,50.3423479186111,50.3423479186111,60,45.8738473865962,700,0,0,0.0458738473865962,500,150,57.07813500620854,nan,0,nan,nan,nan,nan,nan,4.3e-05,8.7e-06,1.13e-05,1.595e-05,6.57e-05,nan,nan,nan,nan,nan,nan,nan,nan,nan,nan,0,05_resultados\revisao_operacional\campanha_v1\j00428.mat,campanha_v1
j00429,magnitude,perda_fonte,miope_qp,1.2,{},592.6116232891053,592.6116232891053,1,14.754610001373313,14.75461000137331,150,150,150,150,57.9147667951044,56.47501255161039,60,24.32134429297718,1150.0008251042025,0,0,0.02432134429297718,500,150,59.99996967342122,nan,0,nan,nan,nan,nan,nan,0.0012208,0.0006058000000000001,0.0007781999999999999,0.00094175,0.0017191,0.0010803,0.00053695,0.00068105,0.0008359999999999999,0.0016152,nan,nan,nan,nan,nan,0,05_resultados\revisao_operacional\campanha_v1\j00429.mat,campanha_v1
j00430,magnitude,perda_fonte,mpc_qp_v5,1.2,{},350.2750827287754,350.2750827287754,1,14.583527533657662,14.583527533657662,150,150,150,150,49.03059249523611,49.03059249523611,60,52.1046856476277,1687.187204618633,0,2.75,0.0521046856476277,500,150,56.45434066099979,7.105427357601002e-15,0,0,0,0.10267787559291719,333283.2021354289,4843142611315303.0,0.0249966,0.029317250000000003,0.03596085,0.042992550000000004,0.0545009,0.0178097,0.02486325,0.0313335,0.03735335,0.0425194,0.0052309,0.0041756,0.0050849,0.0057601,0.0162973,0,05_resultados\revisao_operacional\campanha_v1\j00430.mat,campanha_v1
j00431,magnitude,perda_fonte,mpc_qp_estocastico_3cen,1.2,{},350.00011189080976,350.00011189080976,1,14.583333412334355,14.583333412334355,150,150,150,150,38.93503601601517,38.93503601601517,60,100.05857892392756,3830.4248048152213,0,0.5833333333333334,0.10005857892392755,500,150,51.54769786138625,7.105427357601002e-15,0,0,0,5.1727511163335294e-11,666566.4042708572,9686285222630616.0,0.0505563,0.0559115,0.073655,0.1170486,0.2030016,0.0367843,0.044188500000000006,0.061885300000000004,0.1037034,0.1914915,0.01121,0.0113186,0.01282185,0.01364615,0.0152255,0,05_resultados\revisao_operacional\evento_adiantado_corrigido_v1\j00431.mat,evento_adiantado_corrigido_v1
