id,group,scenario,ctrl,level,params_json,P_raw_kW,P_filtered_kW,filter_kW,E_raw_kWh,E_filtered_kWh,T_gt1_s,T_gt50_s,T_gt100_s,T_gt350_s,SOC_final,SOC_min,SOC_max,throughput_kWh,u_total_variation,source_violation_kW,fallback_pct,EFC,recovery_event_starts_s,recovery_s,SOC_at_events,soc_prediction_max_error_pp,soc_sign_mismatches,soc_prediction_violation_pp,ineq_residual,eq_residual,hess_cond,constraint_gram_cond,cycle_first_s,cycle_p50_s,cycle_p95_s,cycle_p99_s,cycle_max_s,qp_first_s,qp_p50_s,qp_p95_s,qp_p99_s,qp_max_s,assembly_first_s,assembly_p50_s,assembly_p95_s,assembly_p99_s,assembly_max_s,overruns,evidence,campaign
j00036,fairness,carga_faixas,heuristico,120,"{""common_slew"": 1, ""dPBESS_ref_max"": 120, ""dPBESS_ref_max_evento"": 120}",102.78367916551602,102.78367916551602,1,0.07256225343903387,0.07207333282122684,10,2,1,0,59.51618405520798,57.81470825854433,60,19.335271543828387,600,0,0,0.019335271543828386,400,10,60,nan,0,nan,nan,nan,nan,nan,0.0046744,8.5e-06,1.11e-05,0.00014355,0.005642,nan,nan,nan,nan,nan,nan,nan,nan,nan,nan,0,05_resultados\revisao_operacional\campanha_v1\j00036.mat,campanha_v1
j00037,fairness,carga_faixas,heuristico_foresight,120,"{""common_slew"": 1, ""dPBESS_ref_max"": 120, ""dPBESS_ref_max_evento"": 120}",4.67481628589934,4.67481628589934,1,0.003300282757656243,0.002853638055887286,4,0,0,0,59.52125715462317,57.67728135795952,60,20.738049321606166,600,0,0,0.020738049321606167,400,4,59.877154566927075,nan,0,nan,nan,nan,nan,nan,0.0041628,9.5e-06,1.1e-05,0.00010004999999999999,0.0041628,nan,nan,nan,nan,nan,nan,nan,nan,nan,nan,0,05_resultados\revisao_operacional\campanha_v1\j00037.mat,campanha_v1
j00038,fairness,carga_faixas,miope_qp,120,"{""common_slew"": 1, ""dPBESS_ref_max"": 120, ""dPBESS_ref_max_evento"": 120}",102.78268126816418,102.78268126816418,1,0.03603544876850129,0.036030804299576176,2,1,1,0,59.24942167409445,57.779168614335155,60,18.28712308064124,1237.1857078008113,0,0,0.01828712308064124,400,2,59.97216934448677,nan,0,nan,nan,nan,nan,nan,0.7429056,0.000575,0.00097845,0.0014168,0.7429056,0.1444302,0.00050055,0.00085635,0.0011472499999999998,0.1444302,nan,nan,nan,nan,nan,0,05_resultados\revisao_operacional\campanha_v1\j00038.mat,campanha_v1
j00039,fairness,carga_faixas,mpc_qp_v5,120,"{""common_slew"": 1, ""dPBESS_ref_max"": 120, ""dPBESS_ref_max_evento"": 120}",0.018087602382593104,0,1,5.024333999643974e-06,0,0,0,0,0,58.80087186350924,57.38655237260539,60,19.857663024355066,358.03972686688587,0,0,0.019857663024355068,400,0,59.62722919881179,0.014627090501889484,489,0,0,4.547473508864641e-13,333283.200808402,4015243775612013.0,0.2481036,0.0216384,0.0329897,0.03613975,0.2481036,0.0967286,0.0174213,0.0276504,0.0291781,0.0967286,0.0858075,0.00397915,0.0052187,0.0071788500000000005,0.0858075,0,05_resultados\revisao_operacional\campanha_v1\j00039.mat,campanha_v1
j00040,fairness,carga_faixas,mpc_qp_estocastico_3cen,120,"{""common_slew"": 1, ""dPBESS_ref_max"": 120, ""dPBESS_ref_max_evento"": 120}",5.684341886080802e-14,0,1,3.7503365093233884e-15,0,0,0,0,0,53.36237841848454,52.463168980995256,60,40.53262859021656,759.2038982176564,0,0,0.040532628590216564,400,0,57.99374961080938,0.01464026161082188,860,0,0,1.1880274541908875e-10,666566.4016168036,8030487551224027.0,0.0584746,0.0505901,0.05821375,0.06386145,0.0754229,0.0268352,0.03865095,0.045925850000000004,0.0519938,0.0632869,0.0166439,0.0114036,0.013573700000000001,0.0147855,0.0166439,0,05_resultados\revisao_operacional\campanha_v1\j00040.mat,campanha_v1
j00041,fairness,carga_faixas,heuristico,200,"{""common_slew"": 1, ""dPBESS_ref_max"": 200, ""dPBESS_ref_max_evento"": 200}",90.97959895689502,90.97959895689502,1,0.06422892010570061,0.06379614904621922,10,2,0,0,59.517907106258605,57.816141260772916,60,19.329991355989957,600,0,0,0.019329991355989957,400,10,60,nan,0,nan,nan,nan,nan,nan,0.000539,8.4e-06,1.0549999999999999e-05,2.4650000000000003e-05,0.0005964,nan,nan,nan,nan,nan,nan,nan,nan,nan,nan,0,05_resultados\revisao_operacional\campanha_v1\j00041.mat,campanha_v1
j00042,fairness,carga_faixas,heuristico_foresight,200,"{""common_slew"": 1, ""dPBESS_ref_max"": 200, ""dPBESS_ref_max_evento"": 200}",4.67481628589934,4.67481628589934,1,0.003300282757656244,0.002853638055887286,4,0,0,0,59.51681792497207,57.680468746153046,60,20.682769133767742,600,0,0,0.020682769133767744,400,4,59.877154566927075,nan,0,nan,nan,nan,nan,nan,0.0011513,9.6e-06,1.27e-05,1.955e-05,0.0011513,nan,nan,nan,nan,nan,nan,nan,nan,nan,nan,0,05_resultados\revisao_operacional\campanha_v1\j00042.mat,campanha_v1
j00043,fairness,carga_faixas,miope_qp,200,"{""common_slew"": 1, ""dPBESS_ref_max"": 200, ""dPBESS_ref_max_evento"": 200}",71.3052887014153,71.3052887014153,1,0.019813174732028427,0.019807024639282026,1,1,0,0,59.25008160676647,57.760607256323,60,18.476454219010296,1727.9149492874367,0,0,0.018476454219010296,400,1,59.95362924970418,nan,0,nan,nan,nan,nan,nan,0.0068582,0.0005948500000000001,0.00083205,0.0010738000000000002,0.0068582,0.0057941,0.00052575,0.0007243,0.0009375,0.0057941,nan,nan,nan,nan,nan,0,05_resultados\revisao_operacional\campanha_v1\j00043.mat,campanha_v1
j00044,fairness,carga_faixas,mpc_qp_v5,200,"{""common_slew"": 1, ""dPBESS_ref_max"": 200, ""dPBESS_ref_max_evento"": 200}",0.018083287134061266,0,1,5.0231353196875385e-06,0,0,0,0,0,58.80445916053478,57.39032820948357,60,19.838735484169895,358.15579424110837,0,0,0.019838735484169895,400,0,59.62722944090069,0.014627068887953953,489,0,0,5.684341886080801e-13,333283.200808402,4015243775612013.0,0.0298648,0.02141015,0.03080815,0.03920295,0.0467685,0.0141305,0.017336650000000002,0.0256055,0.033742,0.0416223,0.0044108,0.0039736500000000004,0.00514415,0.00566445,0.0081991,0,05_resultados\revisao_operacional\campanha_v1\j00044.mat,campanha_v1
j00045,fairness,carga_faixas,mpc_qp_estocastico_3cen,200,"{""common_slew"": 1, ""dPBESS_ref_max"": 200, ""dPBESS_ref_max_evento"": 200}",5.684341886080802e-14,0,1,3.9137503519661964e-15,0,0,0,0,0,53.362075521559355,52.46317606039853,60,40.530963508690554,759.1767033666786,0,0,0.04053096350869055,400,0,57.99375418000667,0.014640224412623581,860,0,0,3.751665644813329e-10,666566.4016168036,8030487551224027.0,0.0398934,0.0513556,0.05931355,0.06389405,0.088994,0.0252003,0.03978825,0.0470041,0.05157515,0.073993,0.0114681,0.01144405,0.013315500000000001,0.014626,0.0183655,0,05_resultados\revisao_operacional\campanha_v1\j00045.mat,campanha_v1
j00046,fairness,carga_faixas,heuristico,400,"{""common_slew"": 1, ""dPBESS_ref_max"": 400, ""dPBESS_ref_max_evento"": 400}",90.97959895689502,90.97959895689502,1,0.06422892010570067,0.06379614904621922,10,2,0,0,59.512763752404986,57.8175199676872,60,19.28911586252646,600,0,0,0.019289115862526462,400,10,60,nan,0,nan,nan,nan,nan,nan,5.25e-05,8.1e-06,1.07e-05,1.73e-05,8.9e-05,nan,nan,nan,nan,nan,nan,nan,nan,nan,nan,0,05_resultados\revisao_operacional\campanha_v1\j00046.mat,campanha_v1
j00047,fairness,carga_faixas,heuristico_foresight,400,"{""common_slew"": 1, ""dPBESS_ref_max"": 400, ""dPBESS_ref_max_evento"": 400}",4.67481628589934,4.67481628589934,1,0.0033002827576562913,0.002853638055887286,4,0,0,0,59.519591237785114,57.68184745306733,60,20.683560306970907,600,0,0,0.020683560306970907,400,4,59.877154566927075,nan,0,nan,nan,nan,nan,nan,4.37e-05,9e-06,1.185e-05,1.725e-05,4.76e-05,nan,nan,nan,nan,nan,nan,nan,nan,nan,nan,0,05_resultados\revisao_operacional\campanha_v1\j00047.mat,campanha_v1
j00048,fairness,carga_faixas,miope_qp,400,"{""common_slew"": 1, ""dPBESS_ref_max"": 400, ""dPBESS_ref_max_evento"": 400}",6.166924671902052e-05,0,1,3.9007093341399535e-06,0,0,0,0,0,59.21466408570572,57.724682524717494,60,18.649766223319197,2329.019963481828,0,0,0.018649766223319198,400,0,59.92133988866353,nan,0,nan,nan,nan,nan,nan,0.0012117,0.0005838,0.0007861999999999999,0.0010038999999999998,0.0013671,0.0010628,0.0005167,0.0006890500000000001,0.0008929,0.0012666,nan,nan,nan,nan,nan,0,05_resultados\revisao_operacional\campanha_v1\j00048.mat,campanha_v1
j00049,fairness,carga_faixas,mpc_qp_v5,400,"{""common_slew"": 1, ""dPBESS_ref_max"": 400, ""dPBESS_ref_max_evento"": 400}",0.018079005855952346,0,1,5.021946075901036e-06,0,0,0,0,0,58.79999205999154,57.385833075022276,60,19.86023491979811,358.00117042334523,0,0,0.01986023491979811,400,0,59.627229019210375,0.014627083697661192,489,0,0,7.958078640513122e-13,333283.200808402,4015243775612013.0,0.0226605,0.021319650000000002,0.02898555,0.031851199999999996,0.043068,0.0138568,0.0173088,0.0243975,0.0268555,0.0332426,0.0043712,0.0037568,0.00471095,0.0050643500000000004,0.0098603,0,05_resultados\revisao_operacional\campanha_v1\j00049.mat,campanha_v1
j00050,fairness,carga_faixas,mpc_qp_estocastico_3cen,400,"{""common_slew"": 1, ""dPBESS_ref_max"": 400, ""dPBESS_ref_max_evento"": 400}",5.684341886080802e-14,0,1,4.117275458649187e-15,0,0,0,0,0,53.3620460647146,52.46316915897239,60,40.53087757773431,759.1695061359508,0,0,0.04053087757773431,400,0,57.993754458068146,0.014640221812946663,860,0,0,2.8421709430404007e-11,666566.4016168036,8030487551224027.0,0.0410356,0.0517522,0.0624106,0.07052985,0.0784342,0.0253357,0.0400305,0.0482695,0.0561802,0.0636441,0.0122361,0.01141855,0.01392405,0.0156597,0.0284123,0,05_resultados\revisao_operacional\campanha_v1\j00050.mat,campanha_v1
j00055,fairness,limite_fonte,heuristico,120,"{""common_slew"": 1, ""dPBESS_ref_max"": 120, ""dPBESS_ref_max_evento"": 120}",102.78367916551602,102.78367916551602,1,0.07256225343903304,0.07207333282122684,10,2,1,0,51.24334643932026,51.24334643932026,60,41.59410441322763,150,0,0,0.04159410441322763,200,10,60,nan,0,nan,nan,nan,nan,nan,4.13e-05,8e-06,9.149999999999999e-06,1.21e-05,4.13e-05,nan,nan,nan,nan,nan,nan,nan,nan,nan,nan,0,05_resultados\revisao_operacional\campanha_v1\j00055.mat,campanha_v1
j00056,fairness,limite_fonte,heuristico_foresight,120,"{""common_slew"": 1, ""dPBESS_ref_max"": 120, ""dPBESS_ref_max_evento"": 120}",4.67481628589934,4.67481628589934,1,0.00330028275765541,0.002853638055887286,4,0,0,0,51.105919538735456,51.105919538735456,60,42.24688219100541,150,0,0,0.04224688219100541,200,4,59.877154566927075,nan,0,nan,nan,nan,nan,nan,4.71e-05,9e-06,1.22e-05,2.125e-05,5.37e-05,nan,nan,nan,nan,nan,nan,nan,nan,nan,nan,0,05_resultados\revisao_operacional\campanha_v1\j00056.mat,campanha_v1
j00057,fairness,limite_fonte,miope_qp,120,"{""common_slew"": 1, ""dPBESS_ref_max"": 120, ""dPBESS_ref_max_evento"": 120}",102.78262296256007,102.78262296256007,1,0.03604968309237948,0.03603077190715091,2,1,1,0,51.23562864032509,51.23562864032509,60,41.63076395845623,330.24801284726226,0,0,0.041630763958456225,200,2,59.99998820295704,nan,0,nan,nan,nan,nan,nan,0.0011756,0.0005876,0.0007563,0.00113285,0.0012125,0.0010365,0.0005222,0.00066295,0.00100615,0.0010606,nan,nan,nan,nan,nan,0,05_resultados\revisao_operacional\campanha_v1\j00057.mat,campanha_v1
j00058,fairness,limite_fonte,mpc_qp_v5,120,"{""common_slew"": 1, ""dPBESS_ref_max"": 120, ""dPBESS_ref_max_evento"": 120}",5.684341886080802e-14,0,1,4.961165522151722e-15,0,0,0,0,0,50.824770020248536,50.824770020248536,60,43.582342403819354,152.14742588911048,0,0,0.043582342403819356,200,0,59.62846866810756,7.105427357601002e-15,0,0,0,2.2737367544323206e-13,333283.200808402,4015243775612013.0,0.0212506,0.0249478,0.0274498,0.0335177,0.0382458,0.0152577,0.020806400000000003,0.0228123,0.028922,0.0333793,0.004164,0.0039211,0.00459915,0.0049756,0.0063516,0,05_resultados\revisao_operacional\campanha_v1\j00058.mat,campanha_v1
j00059,fairness,limite_fonte,mpc_qp_estocastico_3cen,120,"{""common_slew"": 1, ""dPBESS_ref_max"": 120, ""dPBESS_ref_max_evento"": 120}",5.684341886080802e-14,0,1,2.589533525881254e-15,0,0,0,0,0,38.27613380704462,38.27613380704462,60,103.18836441653832,472.69551101689154,0,0,0.10318836441653832,200,0,58.15878186748992,7.105427357601002e-15,0,0,0,1.3642420526593924e-11,666566.4042708572,8858386386927326.0,0.045608,0.05600695,0.0601799,0.0688952,0.0751782,0.0317456,0.04472835,0.04707065,0.05573805,0.0629517,0.0109676,0.01101535,0.012981050000000001,0.0142696,0.0172473,0,05_resultados\revisao_operacional\campanha_v1\j00059.mat,campanha_v1
j00060,fairness,limite_fonte,heuristico,200,"{""common_slew"": 1, ""dPBESS_ref_max"": 200, ""dPBESS_ref_max_evento"": 200}",90.97959895689502,90.97959895689502,1,0.06422892010569978,0.06379614904621922,10,2,0,0,51.241592053355326,51.241592053355326,60,41.602437746560966,150,0,0,0.041602437746560965,200,10,60,nan,0,nan,nan,nan,nan,nan,4.14e-05,7.9e-06,9.250000000000001e-06,1.39e-05,4.14e-05,nan,nan,nan,nan,nan,nan,nan,nan,nan,nan,0,05_resultados\revisao_operacional\campanha_v1\j00060.mat,campanha_v1
j00061,fairness,limite_fonte,heuristico_foresight,200,"{""common_slew"": 1, ""dPBESS_ref_max"": 200, ""dPBESS_ref_max_evento"": 200}",4.67481628589934,4.67481628589934,1,0.00330028275765541,0.002853638055887286,4,0,0,0,51.105919538735456,51.105919538735456,60,42.24688219100541,150,0,0,0.04224688219100541,200,4,59.877154566927075,nan,0,nan,nan,nan,nan,nan,4.59e-05,8.9e-06,9.7e-06,1.66e-05,8.05e-05,nan,nan,nan,nan,nan,nan,nan,nan,nan,nan,0,05_resultados\revisao_operacional\campanha_v1\j00061.mat,campanha_v1
j00062,fairness,limite_fonte,miope_qp,200,"{""common_slew"": 1, ""dPBESS_ref_max"": 200, ""dPBESS_ref_max_evento"": 200}",71.30519153523227,71.30519153523227,1,0.019831966664005756,0.01980699764867563,1,1,0,0,51.23219403092703,51.23219403092703,60,41.6470783530966,370.1505269870766,0,0,0.041647078353096605,200,1,59.999989496309084,nan,0,nan,nan,nan,nan,nan,0.0012439,0.00056125,0.00063995,0.00078415,0.0012439,0.0011113,0.0004996,0.0005676500000000001,0.0007052,0.0011113,nan,nan,nan,nan,nan,0,05_resultados\revisao_operacional\campanha_v1\j00062.mat,campanha_v1
j00063,fairness,limite_fonte,mpc_qp_v5,200,"{""common_slew"": 1, ""dPBESS_ref_max"": 200, ""dPBESS_ref_max_evento"": 200}",5.684341886080802e-14,0,1,4.769669751510185e-15,0,0,0,0,0,50.84490372525366,50.84490372525366,60,43.486707305045094,152.4576281369219,0,0,0.04348670730504509,200,0,59.62846954162151,7.105427357601002e-15,0,0,0,2.2737367544323206e-13,333283.200808402,4015243775612013.0,0.0194975,0.0274296,0.0302808,0.039250400000000005,0.0453505,0.0135344,0.02318875,0.02536365,0.0340916,0.040065,0.0041534,0.004008599999999999,0.00474795,0.0053763000000000005,0.0060951,0,05_resultados\revisao_operacional\campanha_v1\j00063.mat,campanha_v1
j00064,fairness,limite_fonte,mpc_qp_estocastico_3cen,200,"{""common_slew"": 1, ""dPBESS_ref_max"": 200, ""dPBESS_ref_max_evento"": 200}",5.684341886080802e-14,0,1,2.4276876805136757e-15,0,0,0,0,0,38.27365566903672,38.27365566903672,60,103.2001355720752,472.97775618071125,0,0,0.10320013557207519,200,0,58.15630430136228,7.105427357601002e-15,0,0,0,2.0804691303055733e-11,666566.4042708572,8858386386927326.0,0.0431133,0.05605905,0.060281600000000005,0.0695453,0.0805236,0.0284213,0.04487175,0.04691065,0.0563451,0.06933,0.0118094,0.010945449999999999,0.0126063,0.01379685,0.0160052,0,05_resultados\revisao_operacional\campanha_v1\j00064.mat,campanha_v1
j00065,fairness,limite_fonte,heuristico,400,"{""common_slew"": 1, ""dPBESS_ref_max"": 400, ""dPBESS_ref_max_evento"": 400}",90.97959895689502,90.97959895689502,1,0.06422892010569978,0.06379614904621922,10,2,0,0,51.241592053355326,51.241592053355326,60,41.602437746560966,150,0,0,0.041602437746560965,200,10,60,nan,0,nan,nan,nan,nan,nan,4.44e-05,8e-06,1.1e-05,1.77e-05,5.9e-05,nan,nan,nan,nan,nan,nan,nan,nan,nan,nan,0,05_resultados\revisao_operacional\campanha_v1\j00065.mat,campanha_v1
j00066,fairness,limite_fonte,heuristico_foresight,400,"{""common_slew"": 1, ""dPBESS_ref_max"": 400, ""dPBESS_ref_max_evento"": 400}",4.67481628589934,4.67481628589934,1,0.00330028275765541,0.002853638055887286,4,0,0,0,51.105919538735456,51.105919538735456,60,42.24688219100541,150,0,0,0.04224688219100541,200,4,59.877154566927075,nan,0,nan,nan,nan,nan,nan,4.84e-05,8.9e-06,1.12e-05,1.625e-05,4.84e-05,nan,nan,nan,nan,nan,nan,nan,nan,nan,nan,0,05_resultados\revisao_operacional\campanha_v1\j00066.mat,campanha_v1
j00067,fairness,limite_fonte,miope_qp,400,"{""common_slew"": 1, ""dPBESS_ref_max"": 400, ""dPBESS_ref_max_evento"": 400}",6.196130379976239e-05,0,1,1.677832328003363e-05,0,0,0,0,0,51.22438685415972,51.22438685415972,60,41.684162442741595,650.2590927473992,0,0,0.0416841624427416,200,0,59.99998905316002,nan,0,nan,nan,nan,nan,nan,0.0013258,0.0005666499999999999,0.0006301,0.0008010000000000001,0.0013258,0.0011773,0.0005047,0.00055445,0.00071375,0.0011773,nan,nan,nan,nan,nan,0,05_resultados\revisao_operacional\campanha_v1\j00067.mat,campanha_v1
j00068,fairness,limite_fonte,mpc_qp_v5,400,"{""common_slew"": 1, ""dPBESS_ref_max"": 400, ""dPBESS_ref_max_evento"": 400}",5.684341886080802e-14,0,1,4.7297163744113714e-15,0,0,0,0,0,50.83058232938712,50.83058232938712,60,43.554733935411306,152.33541679930528,0,0,0.04355473393541131,200,0,59.628468779604496,7.105427357601002e-15,0,0,0,5.684341886080801e-13,333283.200808402,4015243775612013.0,0.0188402,0.02696065,0.02858185,0.0311692,0.036573,0.0133463,0.022766599999999998,0.024050250000000002,0.0262292,0.0321107,0.003626,0.0039246,0.00456255,0.00494775,0.0067666,0,05_resultados\revisao_operacional\campanha_v1\j00068.mat,campanha_v1
j00069,fairness,limite_fonte,mpc_qp_estocastico_3cen,400,"{""common_slew"": 1, ""dPBESS_ref_max"": 400, ""dPBESS_ref_max_evento"": 400}",5.684341886080802e-14,0,1,2.636903041598594e-15,0,0,0,0,0,38.2736239603758,38.2736239603758,60,103.20028618821485,472.9860602460257,0,0,0.10320028618821485,200,0,58.156304349304506,7.105427357601002e-15,0,0,0,0.0013687322633586518,666566.4042708572,8858386386927326.0,0.0432763,0.055599449999999995,0.0603779,0.0678294,0.0756932,0.028149,0.0444103,0.0469105,0.0547628,0.0632096,0.012225,0.01098875,0.012634349999999999,0.01392175,0.0162657,0,05_resultados\revisao_operacional\campanha_v1\j00069.mat,campanha_v1
j00074,fairness,perda_fonte,heuristico,120,"{""common_slew"": 1, ""dPBESS_ref_max"": 120, ""dPBESS_ref_max_evento"": 120}",592.6122638850534,592.6122638850534,1,14.754610453615202,14.754610453615202,150,150,150,150,57.90343641541995,56.47212333132807,60,24.29064093456975,850,0,0,0.02429064093456975,500,150,60,nan,0,nan,nan,nan,nan,nan,4.01e-05,8.1e-06,1.01e-05,1.485e-05,0.0007761,nan,nan,nan,nan,nan,nan,nan,nan,nan,nan,0,05_resultados\revisao_operacional\campanha_v1\j00074.mat,campanha_v1
j00075,fairness,perda_fonte,heuristico_foresight,120,"{""common_slew"": 1, ""dPBESS_ref_max"": 120, ""dPBESS_ref_max_evento"": 120}",362.4661767623983,362.4661767623983,1,14.59213408735375,14.59213408735375,150,150,150,150,57.54164304310025,56.110329959008375,60,26.00915945308827,850,0,0,0.02600915945308827,500,150,59.672412178472214,nan,0,nan,nan,nan,nan,nan,4.66e-05,8.9e-06,1.12e-05,2.7e-05,0.0002745,nan,nan,nan,nan,nan,nan,nan,nan,nan,nan,0,05_resultados\revisao_operacional\campanha_v1\j00075.mat,campanha_v1
j00076,fairness,perda_fonte,miope_qp,120,"{""common_slew"": 1, ""dPBESS_ref_max"": 120, ""dPBESS_ref_max_evento"": 120}",702.782623001418,702.782623001418,1,14.887942454570023,14.887942454570023,150,150,150,150,57.94283678071523,56.503082541757074,60,24.18801181590744,1150.000825262634,0,0,0.02418801181590744,500,150,59.99996967342122,nan,0,nan,nan,nan,nan,nan,0.0012507,0.0005587,0.0006182500000000001,0.0007672499999999999,0.0075879,0.0010757,0.0004972500000000001,0.00055125,0.0006816999999999999,0.0065692,nan,nan,nan,nan,nan,0,05_resultados\revisao_operacional\campanha_v1\j00076.mat,campanha_v1
j00077,fairness,perda_fonte,mpc_qp_v5,120,"{""common_slew"": 1, ""dPBESS_ref_max"": 120, ""dPBESS_ref_max_evento"": 120}",350.03756340362895,350.03756340362895,1,14.583359852008392,14.583359852008389,150,150,150,150,57.16360978242668,55.76986512307964,60,27.42863887246087,1675.7201581398106,0,1.6666666666666667,0.02742863887246087,500,150,59.41086665841995,0.01457075997567614,733,0,0,0.0002196839463977085,333283.200808402,4015243775612013.0,0.0203456,0.0237564,0.034500199999999995,0.03919655,0.0478227,0.0147308,0.0199625,0.03000805,0.0347422,0.041821,0.0037741,0.00373415,0.00444105,0.0047113,0.0052987,0,05_resultados\revisao_operacional\campanha_v1\j00077.mat,campanha_v1
j00078,fairness,perda_fonte,mpc_qp_estocastico_3cen,120,"{""common_slew"": 1, ""dPBESS_ref_max"": 120, ""dPBESS_ref_max_evento"": 120}",350.00040694774066,350.00040694774066,1,14.583333620637527,14.583333620637525,150,150,150,150,49.58510815966034,49.58510815966034,60,49.470736241614155,1791.9827100676644,0,0.33333333333333337,0.049470736241614154,500,150,56.381273143936745,7.105427357601002e-15,0,0,0,0.0702002980395946,666566.4042708572,8858386386927326.0,0.0564984,0.05332515,0.0802824,0.1152696,0.1346467,0.0332311,0.041122149999999996,0.06677005,0.10320770000000001,0.1219223,0.0118871,0.011685399999999999,0.013927249999999999,0.015261299999999998,0.0207648,0,05_resultados\revisao_operacional\evento_adiantado_corrigido_v1\j00078.mat,evento_adiantado_corrigido_v1
j00079,fairness,perda_fonte,heuristico,200,"{""common_slew"": 1, ""dPBESS_ref_max"": 200, ""dPBESS_ref_max_evento"": 200}",592.6122638850534,592.6122638850534,1,14.754610453615202,14.754610453615202,150,150,150,150,57.92247149334921,56.48872242120056,60,24.22461624744773,850,0,0,0.02422461624744773,500,150,60,nan,0,nan,nan,nan,nan,nan,3.96e-05,8e-06,1.02e-05,1.2600000000000001e-05,8.18e-05,nan,nan,nan,nan,nan,nan,nan,nan,nan,nan,0,05_resultados\revisao_operacional\campanha_v1\j00079.mat,campanha_v1
j00080,fairness,perda_fonte,heuristico_foresight,200,"{""common_slew"": 1, ""dPBESS_ref_max"": 200, ""dPBESS_ref_max_evento"": 200}",362.4661767623983,362.4661767623983,1,14.59213408735375,14.59213408735375,150,150,150,150,57.56067812102951,56.12692904888087,60,25.943134765966242,850,0,0,0.02594313476596624,500,150,59.672412178472214,nan,0,nan,nan,nan,nan,nan,4.62e-05,9e-06,1.15e-05,1.73e-05,4.97e-05,nan,nan,nan,nan,nan,nan,nan,nan,nan,nan,0,05_resultados\revisao_operacional\campanha_v1\j00080.mat,campanha_v1
j00081,fairness,perda_fonte,miope_qp,200,"{""common_slew"": 1, ""dPBESS_ref_max"": 200, ""dPBESS_ref_max_evento"": 200}",671.3051915696592,671.3051915696592,1,14.810165345295193,14.81016534529519,150,150,150,150,57.949780560406886,56.5064583221384,60,24.190755802834385,1150.0008162026163,0,0,0.024190755802834384,500,150,59.99997299823573,nan,0,nan,nan,nan,nan,nan,0.0012517,0.00055375,0.0006280999999999999,0.00075665,0.0012517,0.0011119,0.0004922500000000001,0.0005588,0.0006745,0.0011119,nan,nan,nan,nan,nan,0,05_resultados\revisao_operacional\campanha_v1\j00081.mat,campanha_v1
j00082,fairness,perda_fonte,mpc_qp_v5,200,"{""common_slew"": 1, ""dPBESS_ref_max"": 200, ""dPBESS_ref_max_evento"": 200}",350.127959651712,350.127959651712,1,14.583423669099762,14.583423669099762,150,150,150,150,57.23862343174178,55.84485332452359,60,27.072578851766796,1848.1611435794955,0,2,0.027072578851766796,500,150,59.4858414385855,0.014570743103966777,733,0,0,0.007528325539851721,333283.200808402,4015243775612013.0,0.019708,0.024027800000000002,0.034011150000000004,0.041828699999999996,0.055115,0.0138075,0.020241349999999998,0.029375850000000002,0.03720575,0.0506307,0.0043003,0.00381015,0.0048448,0.00518115,0.0060797,0,05_resultados\revisao_operacional\campanha_v1\j00082.mat,campanha_v1
j00083,fairness,perda_fonte,mpc_qp_estocastico_3cen,200,"{""common_slew"": 1, ""dPBESS_ref_max"": 200, ""dPBESS_ref_max_evento"": 200}",350.0001663341785,350.0001663341785,1,14.583333450770818,14.583333450770816,150,150,150,150,49.52189900538449,49.52189900538449,60,49.77097972442328,1622.0107455124848,0,0.33333333333333337,0.04977097972442328,500,150,56.31806401954231,0.12986235679687752,177,0,0,0.00014220447133084235,666566.4042708572,8858386386927326.0,0.0538256,0.05385365,0.0780151,0.115455,0.1382337,0.0359857,0.0411459,0.06172485,0.10231314999999999,0.1242257,0.0130727,0.0120082,0.01482565,0.0166717,0.0223343,0,05_resultados\revisao_operacional\evento_adiantado_corrigido_v1\j00083.mat,evento_adiantado_corrigido_v1
j00084,fairness,perda_fonte,heuristico,400,"{""common_slew"": 1, ""dPBESS_ref_max"": 400, ""dPBESS_ref_max_evento"": 400}",592.6122638850534,592.6122638850534,1,14.754610453615202,14.754610453615202,150,150,150,150,57.93689989437102,56.501378386096754,60,24.173829025378403,850,0,0,0.0241738290253784,500,150,60,nan,0,nan,nan,nan,nan,nan,4.25e-05,8e-06,1.065e-05,1.54e-05,0.0001064,nan,nan,nan,nan,nan,nan,nan,nan,nan,nan,0,05_resultados\revisao_operacional\campanha_v1\j00084.mat,campanha_v1
j00085,fairness,perda_fonte,heuristico_foresight,400,"{""common_slew"": 1, ""dPBESS_ref_max"": 400, ""dPBESS_ref_max_evento"": 400}",362.4661767623983,362.4661767623983,1,14.59213408735375,14.59213408735375,150,150,150,150,57.57510652205132,56.13958501377706,60,25.892347543896925,850,0,0,0.025892347543896924,500,150,59.672412178472214,nan,0,nan,nan,nan,nan,nan,4.47e-05,8.8e-06,1.13e-05,1.315e-05,4.47e-05,nan,nan,nan,nan,nan,nan,nan,nan,nan,nan,0,05_resultados\revisao_operacional\campanha_v1\j00085.mat,campanha_v1
j00086,fairness,perda_fonte,miope_qp,400,"{""common_slew"": 1, ""dPBESS_ref_max"": 400, ""dPBESS_ref_max_evento"": 400}",592.6116694563095,592.6116694563095,1,14.754610033966,14.754610033965996,150,150,150,150,57.95616604399186,56.510217438973214,60,24.186722980764454,1250.0008021519252,0,0,0.024186722980764453,500,150,59.999971859031994,nan,0,nan,nan,nan,nan,nan,0.0012278,0.0005561,0.0006279,0.00077075,0.0012278,0.0010709,0.0004946,0.0005592500000000001,0.00069955,0.0010709,nan,nan,nan,nan,nan,0,05_resultados\revisao_operacional\campanha_v1\j00086.mat,campanha_v1
j00087,fairness,perda_fonte,mpc_qp_v5,400,"{""common_slew"": 1, ""dPBESS_ref_max"": 400, ""dPBESS_ref_max_evento"": 400}",350.06899991561016,350.06899991561016,1,14.583382045265465,14.583382045265461,150,150,150,150,57.25025281164123,55.856481875080995,60,27.01734760157645,1488.585533035739,0,2.3333333333333335,0.02701734760157645,500,150,59.4974787539929,0.014570743530981645,733,0,0,0.004329353988453022,333283.200808402,4015243775612013.0,0.0190278,0.0242266,0.030479600000000003,0.0386304,0.0489619,0.013487,0.020342199999999998,0.0260435,0.0340138,0.0433718,0.0036713,0.00375855,0.00450735,0.0053679,0.0130247,0,05_resultados\revisao_operacional\campanha_v1\j00087.mat,campanha_v1
j00088,fairness,perda_fonte,mpc_qp_estocastico_3cen,400,"{""common_slew"": 1, ""dPBESS_ref_max"": 400, ""dPBESS_ref_max_evento"": 400}",350.00012175837395,350.00012175837395,1,14.583333419304598,14.583333419304598,150,150,150,150,49.56124940457112,49.56124940457112,60,49.584065328286414,1993.203941407697,0,0.25,0.049584065328286415,500,150,56.35741442593552,0.12678578431192022,176,0,0,0.00028861901967047743,666566.4042708572,8858386386927326.0,0.0474424,0.05312165,0.07964855000000001,0.10923574999999999,0.1432526,0.0305203,0.040566649999999996,0.06471160000000001,0.09694449999999999,0.1313825,0.0125862,0.011998100000000001,0.01440305,0.01717815,0.0540764,0,05_resultados\revisao_operacional\evento_adiantado_corrigido_v1\j00088.mat,evento_adiantado_corrigido_v1
j00093,fairness,retorno_fonte,heuristico,120,"{""common_slew"": 1, ""dPBESS_ref_max"": 120, ""dPBESS_ref_max_evento"": 120}",592.6122638850534,592.6122638850534,1,24.476832675837425,24.476832675837425,250,250,250,250,55.56425512887017,54.1329420447783,60,35.401752045680865,850,0,0,0.035401752045680863,400,250,60,nan,0,nan,nan,nan,nan,nan,4.7e-05,8e-06,9.2e-06,1.255e-05,7.66e-05,nan,nan,nan,nan,nan,nan,nan,nan,nan,nan,0,05_resultados\revisao_operacional\campanha_v1\j00093.mat,campanha_v1
j00094,fairness,retorno_fonte,heuristico_foresight,120,"{""common_slew"": 1, ""dPBESS_ref_max"": 120, ""dPBESS_ref_max_evento"": 120}",362.4661767623983,362.4661767623983,1,24.314356309575967,24.314356309575967,250,250,250,250,55.20246175655048,53.7711486724586,60,37.12027056419937,850,0,0,0.03712027056419937,400,250,59.672412178472214,nan,0,nan,nan,nan,nan,nan,4.5e-05,8.9e-06,1.16e-05,1.74e-05,7.5e-05,nan,nan,nan,nan,nan,nan,nan,nan,nan,nan,0,05_resultados\revisao_operacional\campanha_v1\j00094.mat,campanha_v1
j00095,fairness,retorno_fonte,miope_qp,120,"{""common_slew"": 1, ""dPBESS_ref_max"": 120, ""dPBESS_ref_max_evento"": 120}",702.7826229884655,702.7826229884655,1,24.610164676775906,24.610164676775906,250,250,250,250,55.60366204674855,54.16390743164004,60,35.29909556870149,1150.0008121000517,0,0,0.03529909556870149,400,250,59.999975849857414,nan,0,nan,nan,nan,nan,nan,0.0013469,0.00055765,0.0006299,0.0007337,0.0013469,0.0011963,0.0004963,0.00055985,0.0006625,0.0011963,nan,nan,nan,nan,nan,0,05_resultados\revisao_operacional\campanha_v1\j00095.mat,campanha_v1
j00096,fairness,retorno_fonte,mpc_qp_v5,120,"{""common_slew"": 1, ""dPBESS_ref_max"": 120, ""dPBESS_ref_max_evento"": 120}",350.06346713024936,350.06346713024936,1,24.305600361517048,24.305600361517048,250,250,250,250,54.82370147202377,53.42994621447497,60,38.54330946834121,1947.0466430049446,0,1.5,0.038543309468341204,400,250,59.410124765336235,0.01457094971199524,733,0,0,0.0009580646940321458,333283.200808402,4015243775612013.0,0.023566,0.02413555,0.03418215,0.0390268,0.0439347,0.0172201,0.02026685,0.030068400000000002,0.03482325,0.0395604,0.0044714,0.00371825,0.00437525,0.0046294000000000005,0.0051646,0,05_resultados\revisao_operacional\campanha_v1\j00096.mat,campanha_v1
j00097,fairness,retorno_fonte,mpc_qp_estocastico_3cen,120,"{""common_slew"": 1, ""dPBESS_ref_max"": 120, ""dPBESS_ref_max_evento"": 120}",350.0002548192691,350.0002548192691,1,24.30555573546988,24.30555573546988,250,250,250,250,47.787645906489814,47.787645906489814,60,58.00868194417611,1551.9827936644026,0,0.25,0.05800868194417611,400,250,56.92299196037828,7.105427357601002e-15,0,0,0,0.010924019401386431,666566.4042708572,8858386386927326.0,0.0497263,0.05458855,0.07946365,0.12026619999999999,0.1364516,0.0340996,0.04190065,0.067232,0.1076905,0.1237288,0.0124108,0.012003,0.0138008,0.01630605,0.0271396,0,05_resultados\revisao_operacional\evento_adiantado_corrigido_v1\j00097.mat,evento_adiantado_corrigido_v1
j00098,fairness,retorno_fonte,heuristico,200,"{""common_slew"": 1, ""dPBESS_ref_max"": 200, ""dPBESS_ref_max_evento"": 200}",592.6122638850534,592.6122638850534,1,24.476832675837425,24.476832675837425,250,250,250,250,55.58329020679943,54.14954113465079,60,35.335727358558835,850,0,0,0.03533572735855883,400,250,60,nan,0,nan,nan,nan,nan,nan,4.39e-05,8e-06,1.1e-05,1.66e-05,4.57e-05,nan,nan,nan,nan,nan,nan,nan,nan,nan,nan,0,05_resultados\revisao_operacional\campanha_v1\j00098.mat,campanha_v1
j00099,fairness,retorno_fonte,heuristico_foresight,200,"{""common_slew"": 1, ""dPBESS_ref_max"": 200, ""dPBESS_ref_max_evento"": 200}",362.4661767623983,362.4661767623983,1,24.314356309575967,24.314356309575967,250,250,250,250,55.22149683447974,53.787747762331094,60,37.054245877077356,850,0,0,0.037054245877077355,400,250,59.672412178472214,nan,0,nan,nan,nan,nan,nan,4.76e-05,9e-06,1.165e-05,2.235e-05,6.19e-05,nan,nan,nan,nan,nan,nan,nan,nan,nan,nan,0,05_resultados\revisao_operacional\campanha_v1\j00099.mat,campanha_v1
j00100,fairness,retorno_fonte,miope_qp,200,"{""common_slew"": 1, ""dPBESS_ref_max"": 200, ""dPBESS_ref_max_evento"": 200}",671.3051915581266,671.3051915581266,1,24.532387567509275,24.532387567509275,250,250,250,250,55.61060514477867,54.16728253487725,60,35.30184274828693,1150.0008032717521,0,0,0.03530184274828693,400,250,59.999978497526065,nan,0,nan,nan,nan,nan,nan,0.0012897,0.0005794,0.00067625,0.0007901,0.0012897,0.0011455,0.000515,0.0006030499999999999,0.0007052499999999999,0.0011455,nan,nan,nan,nan,nan,0,05_resultados\revisao_operacional\campanha_v1\j00100.mat,campanha_v1
j00101,fairness,retorno_fonte,mpc_qp_v5,200,"{""common_slew"": 1, ""dPBESS_ref_max"": 200, ""dPBESS_ref_max_evento"": 200}",350.1278250271512,350.1278250271512,1,24.305645796298283,24.305645796298275,250,250,250,250,54.89112136515615,53.497340681419885,60,38.223319572392924,1996.607111157151,0,1.7500000000000002,0.03822331957239292,400,250,59.47750967959638,0.014570933452581869,733,0,0,0.007582820825348335,333283.200808402,4015243775612013.0,0.0203796,0.025272299999999998,0.03438915,0.04144095,0.0545566,0.0138948,0.02117825,0.0297627,0.036983600000000005,0.0502538,0.0042741,0.004037,0.0050279,0.0054837,0.0071183,0,05_resultados\revisao_operacional\campanha_v1\j00101.mat,campanha_v1
j00102,fairness,retorno_fonte,mpc_qp_estocastico_3cen,200,"{""common_slew"": 1, ""dPBESS_ref_max"": 200, ""dPBESS_ref_max_evento"": 200}",350.00011786857544,350.00011786857544,1,24.305555638784842,24.305555638784842,250,250,250,250,47.78181689260965,47.78181689260965,60,58.036369760103234,1659.220462954724,0,0.25,0.058036369760103235,400,250,56.91716296862559,0.1268504404112818,117,0,0,1.7053025658242404e-12,666566.4042708572,8858386386927326.0,0.0449093,0.0535916,0.0704771,0.1141843,0.1458661,0.0303059,0.041166,0.0566168,0.10171575,0.1329326,0.0118033,0.01188165,0.0132029,0.0142205,0.0167011,0,05_resultados\revisao_operacional\evento_adiantado_corrigido_v1\j00102.mat,evento_adiantado_corrigido_v1
j00103,fairness,retorno_fonte,heuristico,400,"{""common_slew"": 1, ""dPBESS_ref_max"": 400, ""dPBESS_ref_max_evento"": 400}",592.6122638850534,592.6122638850534,1,24.476832675837425,24.476832675837425,250,250,250,250,55.59771860782124,54.16219709954698,60,35.28494013648952,850,0,0,0.035284940136489515,400,250,60,nan,0,nan,nan,nan,nan,nan,3.96e-05,8e-06,1.01e-05,1.2499999999999999e-05,4.72e-05,nan,nan,nan,nan,nan,nan,nan,nan,nan,nan,0,05_resultados\revisao_operacional\campanha_v1\j00103.mat,campanha_v1
j00104,fairness,retorno_fonte,heuristico_foresight,400,"{""common_slew"": 1, ""dPBESS_ref_max"": 400, ""dPBESS_ref_max_evento"": 400}",362.4661767623983,362.4661767623983,1,24.314356309575967,24.314356309575967,250,250,250,250,55.23592523550155,53.800403727227284,60,37.00345865500803,850,0,0,0.03700345865500803,400,250,59.672412178472214,nan,0,nan,nan,nan,nan,nan,4.99e-05,9e-06,1.16e-05,1.73e-05,5.42e-05,nan,nan,nan,nan,nan,nan,nan,nan,nan,nan,0,05_resultados\revisao_operacional\campanha_v1\j00104.mat,campanha_v1
j00105,fairness,retorno_fonte,miope_qp,400,"{""common_slew"": 1, ""dPBESS_ref_max"": 400, ""dPBESS_ref_max_evento"": 400}",592.6116694490192,592.6116694490192,1,24.476832256183076,24.476832256183076,250,250,250,250,55.61699085189347,54.17104188372806,60,35.29780877947734,1250.0007895380807,0,0,0.035297808779477344,400,250,59.999977590337714,nan,0,nan,nan,nan,nan,nan,0.0011984,0.0005794,0.0008124,0.00099855,0.0012245,0.0010631,0.0005145,0.0007190499999999999,0.0008897,0.0011426,nan,nan,nan,nan,nan,0,05_resultados\revisao_operacional\campanha_v1\j00105.mat,campanha_v1
j00106,fairness,retorno_fonte,mpc_qp_v5,400,"{""common_slew"": 1, ""dPBESS_ref_max"": 400, ""dPBESS_ref_max_evento"": 400}",350.06568922227257,350.06568922227257,1,24.305601930256845,24.30560193025684,250,250,250,250,54.777433030049174,53.38365097687829,60,38.763352876515235,1666.7569447765443,0,1.6666666666666667,0.038763352876515236,400,250,59.363829189397116,0.014570944041487621,733,0,0,0.005380719180493543,333283.200808402,4015243775612013.0,0.0200071,0.02502445,0.0302121,0.03768115,0.0438691,0.0138077,0.0209966,0.0257501,0.033195249999999996,0.0395076,0.0045546,0.0037528,0.0046298,0.0050758999999999995,0.0071355,0,05_resultados\revisao_operacional\campanha_v1\j00106.mat,campanha_v1
j00107,fairness,retorno_fonte,mpc_qp_estocastico_3cen,400,"{""common_slew"": 1, ""dPBESS_ref_max"": 400, ""dPBESS_ref_max_evento"": 400}",350.0000079442111,350.0000079442111,1,24.305555561188246,24.305555561188246,250,250,250,250,47.64515203250404,47.64515203250404,60,58.68552784560402,832.2636640636315,0,0,0.05868552784560402,400,250,56.78049810197601,7.105427357601002e-15,0,0,0,2.2737367544323206e-13,666566.4042708572,8858386386927326.0,0.0438267,0.05310045,0.06847914999999999,0.1124313,0.1384106,0.02935,0.04084715,0.05483305,0.09968515,0.1267134,0.0120357,0.011803649999999999,0.013163850000000001,0.0144069,0.0187764,0,05_resultados\revisao_operacional\evento_adiantado_corrigido_v1\j00107.mat,evento_adiantado_corrigido_v1
j00112,fairness,multi_burst,heuristico,120,"{""common_slew"": 1, ""dPBESS_ref_max"": 120, ""dPBESS_ref_max_evento"": 120}",102.78367916551602,102.78367916551602,1,0.23928885546406836,0.23782209376021687,32,7,3,0,59.52085787649795,58.81688207983427,60,13.134431976545656,1500,0,0,0.013134431976545655,,,,nan,0,nan,nan,nan,nan,nan,4.32e-05,8e-06,1.04e-05,1.16e-05,7.74e-05,nan,nan,nan,nan,nan,nan,nan,nan,nan,nan,0,05_resultados\revisao_operacional\campanha_v1\j00112.mat,campanha_v1
j00113,fairness,multi_burst,heuristico_foresight,120,"{""common_slew"": 1, ""dPBESS_ref_max"": 120, ""dPBESS_ref_max_evento"": 120}",60.65306596721214,60.65306596721214,1,0.05272012833377145,0.05090451500122736,21,1,0,0,59.52024384141023,58.67376804474655,60,17.25943197654565,1500,0,0,0.01725943197654565,,,,nan,0,nan,nan,nan,nan,nan,4.29e-05,9e-06,1.155e-05,2.455e-05,0.0001026,nan,nan,nan,nan,nan,nan,nan,nan,nan,nan,0,05_resultados\revisao_operacional\campanha_v1\j00113.mat,campanha_v1
j00114,fairness,multi_burst,miope_qp,120,"{""common_slew"": 1, ""dPBESS_ref_max"": 120, ""dPBESS_ref_max_evento"": 120}",108.89876702879235,108.89876702879235,1,0.11181569961457871,0.11181257841240368,6,3,3,0,59.74187425623582,59.04874506715448,60,14.722425201496351,3747.1860588605105,0,0,0.014722425201496352,,,,nan,0,nan,nan,nan,nan,nan,0.001234,0.0005807,0.000731,0.00086085,0.001234,0.0010906,0.0005164,0.0006525999999999999,0.000784,0.0010906,nan,nan,nan,nan,nan,0,05_resultados\revisao_operacional\campanha_v1\j00114.mat,campanha_v1
j00115,fairness,multi_burst,mpc_qp_v5,120,"{""common_slew"": 1, ""dPBESS_ref_max"": 120, ""dPBESS_ref_max_evento"": 120}",0.018160989537534533,0,1,1.5813125782039263e-05,0,0,0,0,0,58.93805930445142,57.86915869256054,60,21.954516210955994,1159.774677260911,0,0,0.021954516210955993,,,,0.04372171863968077,1983,0,0,2.2737367544323206e-13,333283.200808402,4015243775612013.0,0.0195405,0.0224724,0.030595749999999998,0.03681505,0.0415814,0.0142974,0.017984,0.025811800000000003,0.0321238,0.0357999,0.0036822,0.0039737,0.0049853,0.0057967,0.0096623,0,05_resultados\revisao_operacional\campanha_v1\j00115.mat,campanha_v1
j00116,fairness,multi_burst,mpc_qp_estocastico_3cen,120,"{""common_slew"": 1, ""dPBESS_ref_max"": 120, ""dPBESS_ref_max_evento"": 120}",5.684341886080802e-14,0,1,3.652266808814833e-15,0,0,0,0,0,53.01775832642358,52.04149407401386,60,43.69988957099308,2450.7082179102895,0,0,0.04369988957099308,,,,0.09935640296556869,1908,0,0,1.3324097380973399e-10,666566.4016168036,8030487551224027.0,0.0408088,0.04855115,0.060091649999999996,0.06884515,0.0834877,0.0276454,0.0363266,0.0477382,0.055176249999999996,0.0631709,0.0105554,0.01152365,0.0135856,0.01568205,0.0272596,0,05_resultados\revisao_operacional\campanha_v1\j00116.mat,campanha_v1
j00117,fairness,multi_burst,heuristico,200,"{""common_slew"": 1, ""dPBESS_ref_max"": 200, ""dPBESS_ref_max_evento"": 200}",90.97959895689502,90.97959895689502,1,0.20550940327572956,0.20421109022967812,32,6,0,0,59.51273736878268,58.82187192886138,60,13.058424466180016,1500,0,0,0.013058424466180015,,,,nan,0,nan,nan,nan,nan,nan,3.71e-05,8e-06,1.06e-05,1.41e-05,6.06e-05,nan,nan,nan,nan,nan,nan,nan,nan,nan,nan,0,05_resultados\revisao_operacional\campanha_v1\j00117.mat,campanha_v1
j00118,fairness,multi_burst,heuristico_foresight,200,"{""common_slew"": 1, ""dPBESS_ref_max"": 200, ""dPBESS_ref_max_evento"": 200}",60.653065968189864,60.653065968189864,1,0.05272012833446168,0.05090451500190994,21,1,0,0,59.51738649158971,58.67610438500174,60,17.15842446618001,1500,0,0,0.01715842446618001,,,,nan,0,nan,nan,nan,nan,nan,4.32e-05,9e-06,1.13e-05,1.415e-05,5.85e-05,nan,nan,nan,nan,nan,nan,nan,nan,nan,nan,0,05_resultados\revisao_operacional\campanha_v1\j00118.mat,campanha_v1
j00119,fairness,multi_burst,miope_qp,200,"{""common_slew"": 1, ""dPBESS_ref_max"": 200, ""dPBESS_ref_max_evento"": 200}",81.41860403563999,81.41860403563999,1,0.06257219373027294,0.06256801047097418,3,3,0,0,59.73320271713476,59.064510481008774,60,14.864166770233123,4954.745812853631,0,0,0.014864166770233122,,,,nan,0,nan,nan,nan,nan,nan,0.001386,0.0005814500000000001,0.0007477,0.0009992,0.0067857,0.0012337,0.0005165,0.00065945,0.00087985,0.0066875,nan,nan,nan,nan,nan,0,05_resultados\revisao_operacional\campanha_v1\j00119.mat,campanha_v1
j00120,fairness,multi_burst,mpc_qp_v5,200,"{""common_slew"": 1, ""dPBESS_ref_max"": 200, ""dPBESS_ref_max_evento"": 200}",0.018147187007855337,0,1,1.565301347342165e-05,0,0,0,0,0,58.938009981019285,57.86922528436153,60,21.953640465535152,1159.6844300304176,0,0,0.021953640465535152,,,,0.04372178622502787,1983,0,0,4.547473508864641e-13,333283.200808402,4015243775612013.0,0.0202336,0.022336349999999998,0.0284681,0.03077685,0.0402692,0.0140365,0.0179648,0.0240223,0.02655715,0.0353287,0.0045645,0.0037621,0.00472915,0.00496885,0.0057619,0,05_resultados\revisao_operacional\campanha_v1\j00120.mat,campanha_v1
j00121,fairness,multi_burst,mpc_qp_estocastico_3cen,200,"{""common_slew"": 1, ""dPBESS_ref_max"": 200, ""dPBESS_ref_max_evento"": 200}",5.684341886080802e-14,0,1,3.875740633137016e-15,0,0,0,0,0,53.01761519714062,52.0415000825796,60,43.699075460081716,2450.6845705245814,0,0,0.04369907546008171,,,,0.09935642304762382,1908,0,0,9.367795428261161e-11,666566.4016168036,8030487551224027.0,0.0404658,0.04747785,0.06082075,0.07007495,0.0847386,0.0254615,0.0357115,0.047989199999999996,0.057927400000000004,0.0711624,0.0123842,0.0113814,0.01328545,0.01506105,0.0233778,0,05_resultados\revisao_operacional\campanha_v1\j00121.mat,campanha_v1
j00122,fairness,multi_burst,heuristico,400,"{""common_slew"": 1, ""dPBESS_ref_max"": 400, ""dPBESS_ref_max_evento"": 400}",90.97959895689502,90.97959895689502,1,0.20550940327597353,0.20421109022992198,32,6,0,0,59.515824950778885,58.829675043486894,60,13.028594539481423,1500,0,0,0.013028594539481422,,,,nan,0,nan,nan,nan,nan,nan,4.81e-05,8.1e-06,1.04e-05,1.67e-05,4.81e-05,nan,nan,nan,nan,nan,nan,nan,nan,nan,nan,0,05_resultados\revisao_operacional\campanha_v1\j00122.mat,campanha_v1
j00123,fairness,multi_burst,heuristico_foresight,400,"{""common_slew"": 1, ""dPBESS_ref_max"": 400, ""dPBESS_ref_max_evento"": 400}",60.653065968736314,60.653065968736314,1,0.05272012833484759,0.05090451500229145,21,1,0,0,59.51519629580815,58.6786297218495,60,17.100816761703634,1500,0,0,0.017100816761703632,,,,nan,0,nan,nan,nan,nan,nan,4.8e-05,8.8e-06,1.12e-05,1.59e-05,4.8e-05,nan,nan,nan,nan,nan,nan,nan,nan,nan,nan,0,05_resultados\revisao_operacional\campanha_v1\j00123.mat,campanha_v1
j00124,fairness,multi_burst,miope_qp,400,"{""common_slew"": 1, ""dPBESS_ref_max"": 400, ""dPBESS_ref_max_evento"": 400}",4.212486533317218,4.212486533317218,1,0.0011723391571135705,0.0011701351481436717,1,0,0,0,59.727906446393874,59.072148617310894,60,15.229741674003598,6394.992220097325,0,0,0.0152297416740036,,,,nan,0,nan,nan,nan,nan,nan,0.0012326,0.00058555,0.00073735,0.00084925,0.0012326,0.001089,0.0005213500000000001,0.0006526500000000001,0.0007749,0.001089,nan,nan,nan,nan,nan,0,05_resultados\revisao_operacional\campanha_v1\j00124.mat,campanha_v1
j00125,fairness,multi_burst,mpc_qp_v5,400,"{""common_slew"": 1, ""dPBESS_ref_max"": 400, ""dPBESS_ref_max_evento"": 400}",0.018156780221943336,0,1,1.566278303061127e-05,0,0,0,0,0,58.93772180535009,57.868906303924845,60,21.955331397654962,1159.673121784011,0,0,0.021955331397654963,,,,0.043721767145633805,1983,0,0,2.2737367544323206e-13,333283.200808402,4015243775612013.0,0.0193365,0.0236016,0.0312449,0.035902149999999994,0.0417956,0.0137159,0.019211699999999998,0.026190249999999998,0.030051050000000003,0.0366386,0.0037711,0.00397855,0.0049581,0.0054596,0.0080028,0,05_resultados\revisao_operacional\campanha_v1\j00125.mat,campanha_v1
j00126,fairness,multi_burst,mpc_qp_estocastico_3cen,400,"{""common_slew"": 1, ""dPBESS_ref_max"": 400, ""dPBESS_ref_max_evento"": 400}",5.684341886080802e-14,0,1,3.4312655677804565e-15,0,0,0,0,0,53.0176022344478,52.04149713557963,60,43.699036849205804,2450.697326214312,0,0,0.043699036849205806,,,,0.09935642370250264,1908,0,0,5.638867150992155e-11,666566.4016168036,8030487551224027.0,0.0401182,0.050120700000000004,0.0589545,0.0680068,0.1001284,0.0260199,0.03817545,0.0465509,0.055624099999999996,0.0657159,0.0117344,0.0112427,0.013367,0.01513055,0.044066,0,05_resultados\revisao_operacional\campanha_v1\j00126.mat,campanha_v1
j00131,fairness,diploee_facility_stress,heuristico,120,"{""common_slew"": 1, ""dPBESS_ref_max"": 120, ""dPBESS_ref_max_evento"": 120}",2.6737464414123338,2.6737464414123338,1,0.07310999947789754,0.07232335768168296,100,0,0,0,59.177224605032066,59.177224605032066,60,3.9081831260976307,201.2206660841739,0,0,0.003908183126097631,979,43,60,nan,0,nan,nan,nan,nan,nan,4.86e-05,8.1e-06,9.2e-06,1.2499999999999999e-05,4.86e-05,nan,nan,nan,nan,nan,nan,nan,nan,nan,nan,0,05_resultados\revisao_operacional\campanha_v1\j00131.mat,campanha_v1
j00132,fairness,diploee_facility_stress,heuristico_foresight,120,"{""common_slew"": 1, ""dPBESS_ref_max"": 120, ""dPBESS_ref_max_evento"": 120}",2.6737464414123338,2.6737464414123338,1,0.07249888774416312,0.0719526996789059,100,0,0,0,59.175863815274646,59.175863815274646,60,3.9146468774454704,201.2206660841739,0,0,0.00391464687744547,979,43,59.998767865344405,nan,0,nan,nan,nan,nan,nan,4.79e-05,8.7e-06,9.8e-06,1.025e-05,4.79e-05,nan,nan,nan,nan,nan,nan,nan,nan,nan,nan,0,05_resultados\revisao_operacional\campanha_v1\j00132.mat,campanha_v1
j00133,fairness,diploee_facility_stress,miope_qp,120,"{""common_slew"": 1, ""dPBESS_ref_max"": 120, ""dPBESS_ref_max_evento"": 120}",6.974137104975853e-05,0,1,2.9411042934704695e-06,0,0,0,0,0,59.07471466133636,59.07471466133636,60.02258594047845,5.614297038841392,379.5822436915563,0,0,0.005614297038841392,979,0,59.91784129376295,nan,0,nan,nan,nan,nan,nan,0.0012169,0.000574,0.0006471000000000001,0.0008261,0.0012169,0.0010628,0.0005112,0.0005742,0.00073375,0.0010628,nan,nan,nan,nan,nan,0,05_resultados\revisao_operacional\campanha_v1\j00133.mat,campanha_v1
j00134,fairness,diploee_facility_stress,mpc_qp_v5,120,"{""common_slew"": 1, ""dPBESS_ref_max"": 120, ""dPBESS_ref_max_evento"": 120}",0.002306772949310698,0,1,6.407702685534067e-07,0,0,0,0,0,58.73575997460685,58.73575997460685,60.00001632939784,6.005303640447512,179.60189101511776,0,0,0.006005303640447513,979,0,59.89664262726571,3.395371521719426e-06,842,0,0,1.4779288903810084e-12,333283.200808402,4015243775612013.0,0.020441,0.018477800000000003,0.0308988,0.03293845,0.035581,0.014021,0.01441715,0.02658585,0.028404350000000002,0.0308721,0.004821,0.00386715,0.00440275,0.0046145,0.0062782,0,05_resultados\revisao_operacional\campanha_v1\j00134.mat,campanha_v1
j00135,fairness,diploee_facility_stress,mpc_qp_estocastico_3cen,120,"{""common_slew"": 1, ""dPBESS_ref_max"": 120, ""dPBESS_ref_max_evento"": 120}",5.684341886080802e-14,0,1,4.479830858124719e-15,0,0,0,0,0,52.0079774507874,52.0079774507874,60,37.96210710876015,1041.863650083879,0,0,0.03796210710876015,979,0,55.4010733290434,7.105427357601002e-15,0,0,0,1.6905232769204304e-10,666566.4016168036,8030487551224027.0,0.0429662,0.054319099999999995,0.06189135,0.0640996,0.0668787,0.0281926,0.0423572,0.05039205,0.051867949999999996,0.0550105,0.0118884,0.0111848,0.0130755,0.0144771,0.0163597,0,05_resultados\revisao_operacional\campanha_v1\j00135.mat,campanha_v1
j00136,fairness,diploee_facility_stress,heuristico,200,"{""common_slew"": 1, ""dPBESS_ref_max"": 200, ""dPBESS_ref_max_evento"": 200}",2.6737464414123338,2.6737464414123338,1,0.07310999947789754,0.07232335768168296,100,0,0,0,59.177224605032066,59.177224605032066,60,3.9081831260976307,201.2206660841739,0,0,0.003908183126097631,979,43,60,nan,0,nan,nan,nan,nan,nan,4.27e-05,8.1e-06,9.149999999999999e-06,1.145e-05,4.27e-05,nan,nan,nan,nan,nan,nan,nan,nan,nan,nan,0,05_resultados\revisao_operacional\campanha_v1\j00136.mat,campanha_v1
j00137,fairness,diploee_facility_stress,heuristico_foresight,200,"{""common_slew"": 1, ""dPBESS_ref_max"": 200, ""dPBESS_ref_max_evento"": 200}",2.6737464414123338,2.6737464414123338,1,0.07249888774416312,0.0719526996789059,100,0,0,0,59.175863815274646,59.175863815274646,60,3.9146468774454704,201.2206660841739,0,0,0.00391464687744547,979,43,59.998767865344405,nan,0,nan,nan,nan,nan,nan,4.78e-05,8.9e-06,1.01e-05,2.03e-05,4.78e-05,nan,nan,nan,nan,nan,nan,nan,nan,nan,nan,0,05_resultados\revisao_operacional\campanha_v1\j00137.mat,campanha_v1
j00138,fairness,diploee_facility_stress,miope_qp,200,"{""common_slew"": 1, ""dPBESS_ref_max"": 200, ""dPBESS_ref_max_evento"": 200}",9.14866767800504e-05,0,1,4.053800322064249e-06,0,0,0,0,0,59.07471862095204,59.07471862095204,60.0225860840755,5.614296544058869,379.58207692063206,0,0,0.005614296544058869,979,0,59.91784509648022,nan,0,nan,nan,nan,nan,nan,0.0012035,0.0005819,0.000797,0.0010414999999999999,0.0012035,0.0010566,0.0005178,0.00071535,0.0009311,0.0010798,nan,nan,nan,nan,nan,0,05_resultados\revisao_operacional\campanha_v1\j00138.mat,campanha_v1
j00139,fairness,diploee_facility_stress,mpc_qp_v5,200,"{""common_slew"": 1, ""dPBESS_ref_max"": 200, ""dPBESS_ref_max_evento"": 200}",0.002199221042587851,0,1,6.10894738824788e-07,0,0,0,0,0,58.735744549262144,58.735744549262144,60.00001629329561,6.0053765494169,179.58951753054555,0,0,0.0060053765494169,979,0,59.89664583579423,3.4020149968227997e-06,842,0,0,1.3642420526593924e-12,333283.200808402,4015243775612013.0,0.0223221,0.01817545,0.03008955,0.0323253,0.0351416,0.0151545,0.0136715,0.02572895,0.0280927,0.0307755,0.0047232,0.0039844500000000005,0.00472085,0.0051073,0.0062443,0,05_resultados\revisao_operacional\campanha_v1\j00139.mat,campanha_v1
j00140,fairness,diploee_facility_stress,mpc_qp_estocastico_3cen,200,"{""common_slew"": 1, ""dPBESS_ref_max"": 200, ""dPBESS_ref_max_evento"": 200}",5.684341886080802e-14,0,1,4.4665493815117715e-15,0,0,0,0,0,52.007977770154625,52.007977770154625,60,37.9621055917653,1041.8623656974441,0,0,0.0379621055917653,979,0,55.40107353959909,7.105427357601002e-15,0,0,0,9.993073035730049e-11,666566.4016168036,8030487551224027.0,0.0440585,0.055240899999999996,0.06366555,0.06573635,0.0740431,0.0294692,0.043306750000000005,0.0515813,0.05386,0.0573865,0.0122643,0.01123905,0.0126354,0.01390355,0.0162938,0,05_resultados\revisao_operacional\campanha_v1\j00140.mat,campanha_v1
j00141,fairness,diploee_facility_stress,heuristico,400,"{""common_slew"": 1, ""dPBESS_ref_max"": 400, ""dPBESS_ref_max_evento"": 400}",2.6737464414123338,2.6737464414123338,1,0.07310999947789754,0.07232335768168296,100,0,0,0,59.177224605032066,59.177224605032066,60,3.9081831260976307,201.2206660841739,0,0,0.003908183126097631,979,43,60,nan,0,nan,nan,nan,nan,nan,4.55e-05,8.2e-06,9.3e-06,1.165e-05,4.55e-05,nan,nan,nan,nan,nan,nan,nan,nan,nan,nan,0,05_resultados\revisao_operacional\campanha_v1\j00141.mat,campanha_v1
j00142,fairness,diploee_facility_stress,heuristico_foresight,400,"{""common_slew"": 1, ""dPBESS_ref_max"": 400, ""dPBESS_ref_max_evento"": 400}",2.6737464414123338,2.6737464414123338,1,0.07249888774416312,0.0719526996789059,100,0,0,0,59.175863815274646,59.175863815274646,60,3.9146468774454704,201.2206660841739,0,0,0.00391464687744547,979,43,59.998767865344405,nan,0,nan,nan,nan,nan,nan,4.64e-05,9.1e-06,9.9e-06,1.1249999999999999e-05,4.64e-05,nan,nan,nan,nan,nan,nan,nan,nan,nan,nan,0,05_resultados\revisao_operacional\campanha_v1\j00142.mat,campanha_v1
j00143,fairness,diploee_facility_stress,miope_qp,400,"{""common_slew"": 1, ""dPBESS_ref_max"": 400, ""dPBESS_ref_max_evento"": 400}",6.951175339509064e-05,0,1,2.0372669818577737e-06,0,0,0,0,0,59.074717202164216,59.074717202164216,60.02258598431436,5.614296958296248,379.5819101840811,0,0,0.005614296958296248,979,0,59.91784398807882,nan,0,nan,nan,nan,nan,nan,0.0012529,0.0005739499999999999,0.00066055,0.00076855,0.0012529,0.0011077,0.0005111,0.00058505,0.0006862000000000001,0.0011077,nan,nan,nan,nan,nan,0,05_resultados\revisao_operacional\campanha_v1\j00143.mat,campanha_v1
j00144,fairness,diploee_facility_stress,mpc_qp_v5,400,"{""common_slew"": 1, ""dPBESS_ref_max"": 400, ""dPBESS_ref_max_evento"": 400}",0.0022154515774417405,0,1,6.154032207118843e-07,0,0,0,0,0,58.735670873504,58.735670873504,60.000016293498234,6.005726511296623,179.57624462079718,0,0,0.0060057265112966225,979,0,59.89664528955408,3.401767266097977e-06,842,0,0,6.821210263296962e-13,333283.200808402,4015243775612013.0,0.0198853,0.0174221,0.02981035,0.0312657,0.0344464,0.0140038,0.0132658,0.025535099999999998,0.0267418,0.030135,0.0039454,0.00393085,0.0043914,0.00463585,0.0050219,0,05_resultados\revisao_operacional\campanha_v1\j00144.mat,campanha_v1
j00145,fairness,diploee_facility_stress,mpc_qp_estocastico_3cen,400,"{""common_slew"": 1, ""dPBESS_ref_max"": 400, ""dPBESS_ref_max_evento"": 400}",5.684341886080802e-14,0,1,4.56070848525108e-15,0,0,0,0,0,52.00797366841693,52.00797366841693,60,37.96212507501909,1041.8594810979102,0,0,0.03796212507501909,979,0,55.40107341038375,7.105427357601002e-15,0,0,0,7.269136403920129e-10,666566.4016168036,8030487551224027.0,0.0418197,0.05541675,0.0658724,0.06994785,0.0823485,0.0285652,0.043755,0.0538799,0.0560567,0.0660748,0.0107589,0.011217399999999999,0.012405349999999999,0.01385,0.0160893,0,05_resultados\revisao_operacional\campanha_v1\j00145.mat,campanha_v1
j00150,fairness,nvml_llama2_stress,heuristico,120,"{""common_slew"": 1, ""dPBESS_ref_max"": 120, ""dPBESS_ref_max_evento"": 120}",52.733566283621286,52.733566283621286,1,2.6490788013047575,2.6476634139779898,498,1,0,0,54.44384874409683,54.44384874409683,60,26.391718465539913,16951.16382286307,0,0,0.026391718465539914,,,,nan,0,nan,nan,nan,nan,nan,4.63e-05,8.3e-06,9.3e-06,1.2450000000000001e-05,4.63e-05,nan,nan,nan,nan,nan,nan,nan,nan,nan,nan,0,05_resultados\revisao_operacional\campanha_v1\j00150.mat,campanha_v1
j00151,fairness,nvml_llama2_stress,heuristico_foresight,120,"{""common_slew"": 1, ""dPBESS_ref_max"": 120, ""dPBESS_ref_max_evento"": 120}",48.284360673074616,48.284360673074616,1,2.6014378921458743,2.5996750091962992,488,0,0,0,54.382219873319215,54.382219873319215,60,26.684455601733482,16681.49357193273,0,0,0.026684455601733482,,,,nan,0,nan,nan,nan,nan,nan,6.97e-05,9e-06,9.9e-06,1.115e-05,6.97e-05,nan,nan,nan,nan,nan,nan,nan,nan,nan,nan,0,05_resultados\revisao_operacional\campanha_v1\j00151.mat,campanha_v1
j00152,fairness,nvml_llama2_stress,miope_qp,120,"{""common_slew"": 1, ""dPBESS_ref_max"": 120, ""dPBESS_ref_max_evento"": 120}",28.37485229782584,28.37485229782584,1,0.17162806736239622,0.17162570590658627,44,0,0,0,53.47630758475184,53.47630758475184,60.000000839715995,31.11526317951477,39527.034067790635,0,0,0.03111526317951477,,,,nan,0,nan,nan,nan,nan,nan,0.0012262,0.0005752,0.00065775,0.0008254,0.0012262,0.0010823,0.0005119,0.0005859999999999999,0.0007559,0.0010823,nan,nan,nan,nan,nan,0,05_resultados\revisao_operacional\campanha_v1\j00152.mat,campanha_v1
j00153,fairness,nvml_llama2_stress,mpc_qp_v5,120,"{""common_slew"": 1, ""dPBESS_ref_max"": 120, ""dPBESS_ref_max_evento"": 120}",0.006592760941629194,0,1,3.783233241281551e-05,0,0,0,0,0,51.91453926084035,51.91453926084035,60,38.40593851100835,237.14243088336423,0,0,0.038405938511008354,,,,7.105427357601002e-15,0,0,0,2.0691004465334117e-11,333283.200808402,4015243775612013.0,0.0188126,0.031265,0.034145350000000005,0.035137100000000004,0.0384631,0.0132977,0.0269453,0.02977635,0.0307137,0.0339106,0.0039548,0.00402885,0.00448125,0.004756399999999999,0.0061733,0,05_resultados\revisao_operacional\campanha_v1\j00153.mat,campanha_v1
j00154,fairness,nvml_llama2_stress,mpc_qp_estocastico_3cen,120,"{""common_slew"": 1, ""dPBESS_ref_max"": 120, ""dPBESS_ref_max_evento"": 120}",5.684341886080802e-14,0,1,2.7026105119275377e-15,0,0,0,0,0,41.417612863967705,41.417612863967705,60,88.26633889615314,564.1610931584337,0,0,0.08826633889615314,,,,7.105427357601002e-15,0,0,0,5.676827981915267e-05,666566.4016168036,8030487551224027.0,1.1688671,0.0562212,0.06336059999999999,0.07553635,1.1688671,0.2514778,0.04409705,0.0490491,0.05807935,0.2514778,0.1349358,0.01187405,0.01477235,0.01913515,0.1349358,1,05_resultados\revisao_operacional\campanha_v1\j00154.mat,campanha_v1
j00155,fairness,nvml_llama2_stress,heuristico,200,"{""common_slew"": 1, ""dPBESS_ref_max"": 200, ""dPBESS_ref_max_evento"": 200}",52.733566283621286,52.733566283621286,1,2.652817526156753,2.6512862062809943,499,2,0,0,54.450720231188306,54.450720231188306,60,26.359078901855423,17186.16868139141,0,0,0.02635907890185542,,,,nan,0,nan,nan,nan,nan,nan,0.0031412,8.4e-06,1.435e-05,4.74e-05,0.0031412,nan,nan,nan,nan,nan,nan,nan,nan,nan,nan,0,05_resultados\revisao_operacional\campanha_v1\j00155.mat,campanha_v1
j00156,fairness,nvml_llama2_stress,heuristico_foresight,200,"{""common_slew"": 1, ""dPBESS_ref_max"": 200, ""dPBESS_ref_max_evento"": 200}",48.5074773029627,48.5074773029627,1,2.6029660777031727,2.601101012216502,488,0,0,0,54.384711414695246,54.384711414695246,60,26.6726207801974,16766.704286992535,0,0,0.026672620780197397,,,,nan,0,nan,nan,nan,nan,nan,0.0022891,9.4e-06,1.08e-05,0.0001031,0.0022891,nan,nan,nan,nan,nan,nan,nan,nan,nan,nan,0,05_resultados\revisao_operacional\campanha_v1\j00156.mat,campanha_v1
j00157,fairness,nvml_llama2_stress,miope_qp,200,"{""common_slew"": 1, ""dPBESS_ref_max"": 200, ""dPBESS_ref_max_evento"": 200}",16.7338197933407,16.7338197933407,1,0.018574066632968175,0.0182806863025207,15,0,0,0,54.03069690935255,54.03069690935255,60.0000008196712,28.549517311322504,54248.69199393692,0,0,0.028549517311322502,,,,nan,0,nan,nan,nan,nan,nan,0.071438,0.0006212,0.00079615,0.0011110999999999998,0.071438,0.049176,0.0005487,0.0006979499999999999,0.0009521,0.049176,nan,nan,nan,nan,nan,0,05_resultados\revisao_operacional\campanha_v1\j00157.mat,campanha_v1
j00158,fairness,nvml_llama2_stress,mpc_qp_v5,200,"{""common_slew"": 1, ""dPBESS_ref_max"": 200, ""dPBESS_ref_max_evento"": 200}",0.006565773474960679,0,1,3.493045752083126e-05,0,0,0,0,0,51.91455131415039,51.91455131415039,60,38.40588125778594,237.25480561078302,0,0,0.03840588125778594,,,,7.105427357601002e-15,0,0,0,2.034994395216927e-11,333283.200808402,4015243775612013.0,0.0433729,0.030967050000000003,0.03467275,0.03677525,0.0453098,0.0208083,0.0264731,0.0298922,0.03177555,0.0400197,0.007656,0.00402245,0.00504195,0.0054288,0.007656,0,05_resultados\revisao_operacional\campanha_v1\j00158.mat,campanha_v1
j00159,fairness,nvml_llama2_stress,mpc_qp_estocastico_3cen,200,"{""common_slew"": 1, ""dPBESS_ref_max"": 200, ""dPBESS_ref_max_evento"": 200}",5.684341886080802e-14,0,1,2.786248638251955e-15,0,0,0,0,0,41.41761604546381,41.41761604546381,60,88.26632378404662,564.1609753475332,0,0,0.08826632378404661,,,,7.105427357601002e-15,0,0,0,0.0035151540588458374,666566.4016168036,8030487551224027.0,0.0475629,0.05596785,0.0602825,0.06257705,0.0784932,0.0248946,0.04403245,0.0477887,0.05004585,0.0610908,0.0116673,0.01175555,0.0131816,0.01503135,0.019728,0,05_resultados\revisao_operacional\campanha_v1\j00159.mat,campanha_v1
j00160,fairness,nvml_llama2_stress,heuristico,400,"{""common_slew"": 1, ""dPBESS_ref_max"": 400, ""dPBESS_ref_max_evento"": 400}",52.733566283621286,52.733566283621286,1,2.652817526156753,2.6512862062809943,499,2,0,0,54.450720231188306,54.450720231188306,60,26.359078901855423,17186.16868139141,0,0,0.02635907890185542,,,,nan,0,nan,nan,nan,nan,nan,0.0002932,8e-06,1.02e-05,1.23e-05,0.0002932,nan,nan,nan,nan,nan,nan,nan,nan,nan,nan,0,05_resultados\revisao_operacional\campanha_v1\j00160.mat,campanha_v1
j00161,fairness,nvml_llama2_stress,heuristico_foresight,400,"{""common_slew"": 1, ""dPBESS_ref_max"": 400, ""dPBESS_ref_max_evento"": 400}",48.5074773029627,48.5074773029627,1,2.6029660777031727,2.601101012216502,488,0,0,0,54.384711414695246,54.384711414695246,60,26.6726207801974,16766.704286992535,0,0,0.026672620780197397,,,,nan,0,nan,nan,nan,nan,nan,0.0007286,9.5e-06,2.13e-05,2.82e-05,0.0007286,nan,nan,nan,nan,nan,nan,nan,nan,nan,nan,0,05_resultados\revisao_operacional\campanha_v1\j00161.mat,campanha_v1
j00162,fairness,nvml_llama2_stress,miope_qp,400,"{""common_slew"": 1, ""dPBESS_ref_max"": 400, ""dPBESS_ref_max_evento"": 400}",5.317578430189002,5.317578430189002,1,0.0014853247747558846,0.001477105119496945,1,0,0,0,54.317475659703746,54.317475659703746,60.00000083040787,27.20785037904979,58822.837086338375,0,0,0.02720785037904979,,,,nan,0,nan,nan,nan,nan,nan,0.0016745,0.0005987,0.0007412,0.00087415,0.0016745,0.001049,0.0005316,0.000653,0.0007687,0.001049,nan,nan,nan,nan,nan,0,05_resultados\revisao_operacional\campanha_v1\j00162.mat,campanha_v1
j00163,fairness,nvml_llama2_stress,mpc_qp_v5,400,"{""common_slew"": 1, ""dPBESS_ref_max"": 400, ""dPBESS_ref_max_evento"": 400}",0.006557595992489951,0,1,3.53363667393809e-05,0,0,0,0,0,51.914557174944576,51.914557174944576,60,38.40585341901297,237.20968992820352,0,0,0.038405853419012974,,,,7.105427357601002e-15,0,0,0,2.2168933355715126e-11,333283.200808402,4015243775612013.0,0.0219179,0.030486350000000002,0.0346187,0.03638045,0.0438581,0.0155752,0.0260467,0.02993765,0.0319162,0.0387163,0.0040596,0.0040427,0.00496045,0.00531525,0.0063968,0,05_resultados\revisao_operacional\campanha_v1\j00163.mat,campanha_v1
j00164,fairness,nvml_llama2_stress,mpc_qp_estocastico_3cen,400,"{""common_slew"": 1, ""dPBESS_ref_max"": 400, ""dPBESS_ref_max_evento"": 400}",5.684341886080802e-14,0,1,2.3755481571050316e-15,0,0,0,0,0,41.4176134310499,41.4176134310499,60,88.26633620251312,564.1553818070045,0,0,0.08826633620251312,,,,7.105427357601002e-15,0,0,0,0.006029580629274278,666566.4016168036,8030487551224027.0,0.0401224,0.0560143,0.06016505,0.06249155,0.0723789,0.024582,0.04421575,0.04797055,0.0495193,0.0579185,0.01093,0.0114591,0.01252875,0.0137506,0.0173546,0,05_resultados\revisao_operacional\campanha_v1\j00164.mat,campanha_v1
