id,group,scenario,ctrl,weight,factor,params_json,P_raw_kW,P_filtered_kW,filter_kW,E_raw_kWh,E_filtered_kWh,T_gt1_s,T_gt50_s,T_gt100_s,T_gt350_s,SOC_final,SOC_min,SOC_max,throughput_kWh,u_total_variation,source_violation_kW,fallback_pct,EFC,recovery_event_starts_s,recovery_s,SOC_at_events,soc_prediction_max_error_pp,soc_sign_mismatches,soc_prediction_violation_pp,ineq_residual,eq_residual,hess_cond,constraint_gram_cond,cycle_first_s,cycle_p50_s,cycle_p95_s,cycle_p99_s,cycle_max_s,qp_first_s,qp_p50_s,qp_p95_s,qp_p99_s,qp_max_s,assembly_first_s,assembly_p50_s,assembly_p95_s,assembly_p99_s,assembly_max_s,overruns,evidence,campaign
j00169,pesos,perda_fonte,mpc_qp_v5,slack_load,0.1,"{""w_mpc_slack_load"": 100000000}",350.26180970117514,350.26180970117514,1,14.58351816332691,14.58351816332691,150,150,150,150,56.85133875142452,55.45780023027498,60,28.90986217540244,1687.0636985163148,0,0.16666666666666669,0.02890986217540244,500,150,59.098768380647456,0.01457081347866307,733,0,0,0.03676502569408058,333283.200808402,4015243775612013.0,0.0210826,0.02226085,0.02937155,0.034043649999999995,0.0455703,0.0151016,0.018077299999999998,0.0248789,0.0295145,0.0406028,0.0044273,0.0039004,0.0046942500000000005,0.005094049999999999,0.0096983,0,05_resultados\revisao_operacional\campanha_v1\j00169.mat,campanha_v1
j00170,pesos,carga_faixas,mpc_qp_v5,slack_load,0.1,"{""w_mpc_slack_load"": 100000000}",0.01950167810457515,0,1,5.4171328113063234e-06,0,0,0,0,0,58.809569419156304,57.391188164626065,60,19.85702071555402,358.2877733509306,0,0,0.019857020715554022,400,0,59.62724941460148,0.014627188311074235,489,0,0,2.2737367544323206e-13,333283.200808402,4015243775612013.0,0.0193156,0.0196977,0.0257744,0.028568000000000003,0.0325202,0.0130686,0.0153043,0.02130635,0.0239961,0.0269563,0.0046222,0.003926600000000001,0.0047195499999999994,0.0051225,0.0066314,0,05_resultados\revisao_operacional\campanha_v1\j00170.mat,campanha_v1
j00171,pesos,perda_fonte,mpc_qp_v5,slack_load,1,"{""w_mpc_slack_load"": 1000000000}",350.0673643906158,350.0673643906158,1,14.583380890632919,14.583380890632919,150,150,150,150,57.09765980475696,55.703914844740474,60,27.741904277043087,1655.8768161818073,0,1.5833333333333335,0.027741904277043088,500,150,59.3449119390287,0.014570765323362878,733,0,0,0.003397654078071355,333283.200808402,4015243775612013.0,0.0207793,0.024452,0.030484749999999998,0.0381619,0.0633991,0.0149902,0.0203177,0.025761850000000003,0.033283850000000004,0.0568152,0.00412,0.0038894999999999997,0.0047112000000000005,0.0052255,0.014199,0,05_resultados\revisao_operacional\campanha_v1\j00171.mat,campanha_v1
j00172,pesos,carga_faixas,mpc_qp_v5,slack_load,1,"{""w_mpc_slack_load"": 1000000000}",0.018079005862091435,0,1,5.021946077643592e-06,0,0,0,0,0,58.800152435350384,57.38583268897276,60,19.86108286620929,358.02293969361654,0,0,0.01986108286620929,400,0,59.62722863278806,0.014627091341246512,489,0,0,5.684341886080801e-13,333283.200808402,4015243775612013.0,0.0189881,0.02149055,0.029134649999999998,0.0316732,0.0437766,0.0136163,0.0173565,0.0244392,0.0268286,0.0331783,0.0034912,0.0038734,0.0048638,0.0053639,0.0102754,0,05_resultados\revisao_operacional\campanha_v1\j00172.mat,campanha_v1
j00173,pesos,perda_fonte,mpc_qp_v5,slack_load,10,"{""w_mpc_slack_load"": 10000000000.0}",350.04758470917477,350.04758470917477,1,14.583366926738947,14.583366926738947,150,150,150,150,57.32964701892259,55.935908705688654,60,26.63989845447276,902.1754663975071,0,3.5000000000000004,0.02663989845447276,500,150,59.57690877899726,0.01457073451613411,733,0,0,0.018611845467376043,3332832.006730473,4015243775612013.0,0.0215137,0.02693035,0.03672195,0.04085195,0.0441962,0.0155461,0.022724300000000003,0.03191265,0.0361837,0.0399718,0.0041298,0.004018000000000001,0.00494785,0.00526005,0.0073475,0,05_resultados\revisao_operacional\campanha_v1\j00173.mat,campanha_v1
j00174,pesos,carga_faixas,mpc_qp_v5,slack_load,10,"{""w_mpc_slack_load"": 10000000000.0}",0.017980892853927344,0,1,4.994692464220282e-06,0,0,0,0,0,58.80283957027638,57.38951344532596,60,19.838369687072838,357.87297833457774,0,0,0.019838369687072838,400,0,59.62722389700043,0.014627054496457959,489,0,0,2.2737367544323206e-13,3332832.006730473,4015243775612013.0,0.0199409,0.02331995,0.0308407,0.031552949999999996,0.0354387,0.0145136,0.01914955,0.02625075,0.02698315,0.0309722,0.0038224,0.0038474,0.00464465,0.004963,0.0051327,0,05_resultados\revisao_operacional\campanha_v1\j00174.mat,campanha_v1
j00175,pesos,perda_fonte,mpc_qp_v5,slack_event,0.1,"{""w_mpc_slack_event"": 100000000}",350.0678223434594,350.0678223434594,1,14.583381213915622,14.58338121391562,150,150,150,150,57.25751041474565,55.86376618369323,60,26.98260658036431,1523.2302812932433,0,2.3333333333333335,0.026982606580364308,500,150,59.50476323868765,0.014570752361542816,733,0,0,2.2737367544323206e-12,333283.200808402,4015243775612013.0,0.0203382,0.02492455,0.0350686,0.03887385,0.0447429,0.0151185,0.020638200000000002,0.03018685,0.03327255,0.0365978,0.0036938,0.0040058,0.0049752,0.0055001500000000005,0.0125469,0,05_resultados\revisao_operacional\campanha_v1\j00175.mat,campanha_v1
j00176,pesos,carga_faixas,mpc_qp_v5,slack_event,0.1,"{""w_mpc_slack_event"": 100000000}",0.1040683246126548,0,1,2.89078679528292e-05,0,0,0,0,0,58.80541378056026,57.39108787368001,60,19.836153162547454,357.92917073243245,0,0,0.019836153162547453,400,0,59.62729802742354,0.014627977091905109,489,0,0,2.2737367544323206e-13,333283.200808402,4015243775612013.0,0.0194075,0.0215627,0.0284592,0.031704949999999996,0.0401272,0.0137749,0.017370450000000003,0.023400400000000002,0.02647155,0.0348289,0.0040197,0.00395605,0.004813400000000001,0.0051825,0.0056192,0,05_resultados\revisao_operacional\campanha_v1\j00176.mat,campanha_v1
j00177,pesos,perda_fonte,mpc_qp_v5,slack_event,1,"{""w_mpc_slack_event"": 1000000000}",350.0673643906158,350.0673643906158,1,14.583380890632919,14.583380890632919,150,150,150,150,57.09765980475696,55.703914844740474,60,27.741904277043087,1655.8768161818073,0,1.5833333333333335,0.027741904277043088,500,150,59.3449119390287,0.014570765323362878,733,0,0,0.003397654078071355,333283.200808402,4015243775612013.0,0.020425,0.0247265,0.03355295,0.038695049999999995,0.0430299,0.0147526,0.020532250000000002,0.02849225,0.0337392,0.0383502,0.003772,0.0038885,0.0049537,0.00551695,0.0172452,0,05_resultados\revisao_operacional\campanha_v1\j00177.mat,campanha_v1
j00178,pesos,carga_faixas,mpc_qp_v5,slack_event,1,"{""w_mpc_slack_event"": 1000000000}",0.018079005862091435,0,1,5.021946077643592e-06,0,0,0,0,0,58.800152435350384,57.38583268897276,60,19.86108286620929,358.02293969361654,0,0,0.01986108286620929,400,0,59.62722863278806,0.014627091341246512,489,0,0,5.684341886080801e-13,333283.200808402,4015243775612013.0,0.0198068,0.0218514,0.0289931,0.0311664,0.0374268,0.0141248,0.017581350000000003,0.02438305,0.0260339,0.032143,0.0041333,0.00404315,0.0048435,0.0052216,0.0068046,0,05_resultados\revisao_operacional\campanha_v1\j00178.mat,campanha_v1
j00179,pesos,perda_fonte,mpc_qp_v5,slack_event,10,"{""w_mpc_slack_event"": 10000000000.0}",350.27144693213233,350.27144693213233,1,14.583524967016299,14.583524967016299,150,150,150,150,57.29581221264444,55.902068156358474,60,26.800671290381104,1491.1730266305296,0,2.666666666666667,0.026800671290381103,500,150,59.543034954434674,0.014570749255760518,733,0,0,0.006660259366185528,3332832.006730473,4015243775612013.0,0.0209848,0.025063000000000002,0.0318892,0.039759749999999996,0.0464053,0.0153339,0.020905649999999998,0.02736965,0.034725450000000005,0.0420143,0.0036588,0.00389785,0.00467355,0.004989749999999999,0.0065227,0,05_resultados\revisao_operacional\campanha_v1\j00179.mat,campanha_v1
j00180,pesos,carga_faixas,mpc_qp_v5,slack_event,10,"{""w_mpc_slack_event"": 10000000000.0}",0.0019465909995233233,0,1,5.407197268817475e-07,0,0,0,0,0,58.79903235201566,57.38471389900957,60,19.866390311315755,358.07925817346904,0,0,0.019866390311315756,400,0,59.627218130475335,0.014626904774630134,489,0,0,2.2737367544323206e-13,3332832.006730473,4015243775612013.0,0.0192903,0.0217276,0.02856475,0.03252195,0.0410276,0.0136255,0.017461749999999998,0.0236667,0.02707685,0.0360641,0.0040458,0.0041090499999999995,0.0050761,0.0055501000000000005,0.0140417,0,05_resultados\revisao_operacional\campanha_v1\j00180.mat,campanha_v1
j00181,pesos,perda_fonte,mpc_qp_v5,slack_source,0.1,"{""w_mpc_slack_source"": 10000000}",350.12304707522844,350.12304707522844,1,14.583420200969831,14.58342020096983,150,150,150,150,57.23951893131434,55.84574623626825,60,27.068351141126623,1638.615297740223,0,2.3333333333333335,0.02706835114112662,500,150,59.48673508082476,0.01457074279176851,733,0,0,0.0012225776267769106,333283.200808402,4015243775612013.0,0.0214211,0.02432155,0.0300679,0.03924305,0.0918545,0.0151037,0.0201106,0.02570695,0.03497825,0.0871715,0.0043328,0.0039019500000000004,0.00468575,0.00504995,0.0054116,0,05_resultados\revisao_operacional\campanha_v1\j00181.mat,campanha_v1
j00182,pesos,carga_faixas,mpc_qp_v5,slack_source,0.1,"{""w_mpc_slack_source"": 10000000}",0.019514252555552503,0,1,5.420625714972757e-06,0,0,0,0,0,58.80332896473015,57.389422669700224,60,19.841854398029508,358.5022985917295,0,0,0.019841854398029508,400,0,59.62722873313327,0.014627086675901069,489,0,0,7.958078640513122e-13,333283.200808402,4015243775612013.0,0.0206506,0.0214141,0.03222235,0.03859095,0.044864,0.0138997,0.01716575,0.027359599999999998,0.0332482,0.0393941,0.0045767,0.00404655,0.00494055,0.0054462,0.0129132,0,05_resultados\revisao_operacional\campanha_v1\j00182.mat,campanha_v1
j00183,pesos,perda_fonte,mpc_qp_v5,slack_source,1,"{""w_mpc_slack_source"": 100000000}",350.0673643906158,350.0673643906158,1,14.583380890632919,14.583380890632919,150,150,150,150,57.09765980475696,55.703914844740474,60,27.741904277043087,1655.8768161818073,0,1.5833333333333335,0.027741904277043088,500,150,59.3449119390287,0.014570765323362878,733,0,0,0.003397654078071355,333283.200808402,4015243775612013.0,0.0208069,0.0247747,0.029935299999999998,0.03760315,0.0428699,0.0151501,0.02058555,0.0253509,0.03294105,0.0386739,0.0039897,0.0038968,0.0046224,0.0050152,0.0054595,0,05_resultados\revisao_operacional\campanha_v1\j00183.mat,campanha_v1
j00184,pesos,carga_faixas,mpc_qp_v5,slack_source,1,"{""w_mpc_slack_source"": 100000000}",0.018079005862091435,0,1,5.021946077643592e-06,0,0,0,0,0,58.800152435350384,57.38583268897276,60,19.86108286620929,358.02293969361654,0,0,0.01986108286620929,400,0,59.62722863278806,0.014627091341246512,489,0,0,5.684341886080801e-13,333283.200808402,4015243775612013.0,0.0193501,0.0221015,0.02999835,0.03453075,0.0433089,0.0138063,0.0176154,0.0250913,0.02949105,0.0375365,0.0036173,0.00410815,0.0049467,0.0054046,0.0152931,0,05_resultados\revisao_operacional\campanha_v1\j00184.mat,campanha_v1
j00185,pesos,perda_fonte,mpc_qp_v5,slack_source,10,"{""w_mpc_slack_source"": 1000000000}",350.065656105528,350.065656105528,1,14.583379684635569,14.583379684635567,150,150,150,150,57.133554927019816,55.7399337833498,60,27.57016265366684,1929.5625966577227,0,1.3333333333333335,0.02757016265366684,500,150,59.38093101298452,0.01457135319981262,733,0,0,0.0009481387183427614,333283.200808402,4015243775612013.0,0.0203787,0.0243202,0.03135465,0.0387071,0.0453275,0.0146572,0.020108300000000003,0.02679,0.03435225,0.0412609,0.0041409,0.0039369,0.0047764999999999995,0.00509375,0.0079681,0,05_resultados\revisao_operacional\campanha_v1\j00185.mat,campanha_v1
j00186,pesos,carga_faixas,mpc_qp_v5,slack_source,10,"{""w_mpc_slack_source"": 1000000000}",0.013595917132363411,0,1,3.7766436526157454e-06,0,0,0,0,0,58.8068729391157,57.38933485725395,60,19.861386174684036,358.33328894664976,0,0,0.019861386174684036,400,0,59.627245899325665,0.014627609121809826,489,0,0,3.296918293926865e-12,333283.200808402,4015243775612013.0,0.0190964,0.02226955,0.03122085,0.031751600000000005,0.0336666,0.0132343,0.0180272,0.026473700000000003,0.0269095,0.0281611,0.0041977,0.003956,0.0047382,0.00503295,0.0055292,0,05_resultados\revisao_operacional\campanha_v1\j00186.mat,campanha_v1
j00187,pesos,perda_fonte,mpc_qp_v5,slack_recharge,0.1,"{""w_mpc_slack_recharge"": 100000}",350.0673643906158,350.0673643906158,1,14.583380890632919,14.583380890632919,150,150,150,150,56.81578069842566,55.51587835689842,60,28.141169075928662,1655.8470858445667,0,1.5833333333333335,0.028141169075928663,500,150,59.3449119390287,0.009597290579229423,963,0,0,0.003397654078071355,333283.200808402,4015243775612013.0,0.0212148,0.020613199999999998,0.0298439,0.0376368,0.0436326,0.0152994,0.016232450000000002,0.025321450000000002,0.0330819,0.0390412,0.0042809,0.0039238499999999996,0.004623,0.0048458,0.017796,0,05_resultados\revisao_operacional\campanha_v1\j00187.mat,campanha_v1
j00188,pesos,carga_faixas,mpc_qp_v5,slack_recharge,0.1,"{""w_mpc_slack_recharge"": 100000}",0.018079005862091435,0,1,5.021946077561805e-06,0,0,0,0,0,58.67587972726419,57.33424407218995,60,19.723580946962084,357.71667199098613,0,0,0.019723580946962083,400,0,59.62722863278806,0.009330251558324676,918,0,0,5.684341886080801e-13,333283.200808402,4015243775612013.0,0.0194284,0.0206591,0.0291392,0.0305587,0.0340998,0.0139235,0.01638655,0.02448295,0.026130800000000003,0.0290749,0.0035987,0.003971199999999999,0.00476305,0.0050738,0.0053052,0,05_resultados\revisao_operacional\campanha_v1\j00188.mat,campanha_v1
j00189,pesos,perda_fonte,mpc_qp_v5,slack_recharge,1,"{""w_mpc_slack_recharge"": 1000000}",350.0673643906158,350.0673643906158,1,14.583380890632919,14.583380890632919,150,150,150,150,57.09765980475696,55.703914844740474,60,27.741904277043087,1655.8768161818073,0,1.5833333333333335,0.027741904277043088,500,150,59.3449119390287,0.014570765323362878,733,0,0,0.003397654078071355,333283.200808402,4015243775612013.0,0.0212151,0.02482495,0.03038835,0.0380104,0.0433505,0.0153273,0.020619850000000002,0.025506349999999997,0.0333348,0.0389472,0.0043176,0.0039185,0.0047034,0.00505535,0.0056157,0,05_resultados\revisao_operacional\campanha_v1\j00189.mat,campanha_v1
j00190,pesos,carga_faixas,mpc_qp_v5,slack_recharge,1,"{""w_mpc_slack_recharge"": 1000000}",0.018079005862091435,0,1,5.021946077643592e-06,0,0,0,0,0,58.800152435350384,57.38583268897276,60,19.86108286620929,358.02293969361654,0,0,0.01986108286620929,400,0,59.62722863278806,0.014627091341246512,489,0,0,5.684341886080801e-13,333283.200808402,4015243775612013.0,0.019353,0.02164145,0.02904615,0.0311882,0.0371131,0.0141503,0.017419900000000002,0.0243885,0.02634035,0.0293531,0.00366,0.0039442999999999995,0.0047209,0.00511905,0.0081466,0,05_resultados\revisao_operacional\campanha_v1\j00190.mat,campanha_v1
j00191,pesos,perda_fonte,mpc_qp_v5,slack_recharge,10,"{""w_mpc_slack_recharge"": 10000000}",350.0673643906158,350.0673643906158,1,14.583636424777042,14.583380890632919,150,150,150,150,57.206853452058965,55.776001990440385,60,27.59478771182131,1667.8728141950605,0,1.5833333333333335,0.027594787711821313,500,150,59.3449119390287,0.016056254256106683,281,0,0,0.003397654078071355,333283.200808402,4015243775612013.0,0.0199817,0.0251423,0.03175875,0.0382083,0.0429669,0.0148497,0.0209238,0.0270985,0.03353395000000001,0.0384059,0.0036113,0.00392255,0.0047212,0.0050193500000000005,0.0054466,0,05_resultados\revisao_operacional\campanha_v1\j00191.mat,campanha_v1
j00192,pesos,carga_faixas,mpc_qp_v5,slack_recharge,10,"{""w_mpc_slack_recharge"": 10000000}",0.018079005862091435,0,1,5.021946077484583e-06,0,0,0,0,0,58.89046541827923,57.409098012012066,60,20.10345500224326,365.3054914565499,0,0,0.020103455002243257,400,0,59.62722863278806,0.017184211117942993,172,0,0,5.684341886080801e-13,333283.200808402,4015243775612013.0,0.0203639,0.02051625,0.0290463,0.030557,0.033628,0.0138094,0.0162085,0.02453845,0.02599555,0.0293379,0.0041007,0.0039285,0.0047088,0.004993050000000001,0.0057672,0,05_resultados\revisao_operacional\campanha_v1\j00192.mat,campanha_v1
j00193,pesos,perda_fonte,mpc_qp_v5,delta_u,0.1,"{""w_mpc_delta_u"": 5}",350.0475847098886,350.0475847098886,1,14.583393765052636,14.583366926760348,150,150,150,150,57.42649255164818,55.995965506625275,60,26.548253554177254,1049.1617460005095,0,3.166666666666667,0.026548253554177254,500,150,59.56488410867277,0.016040948333206018,281,0,0,0.006274758290999216,333283.200808402,4015243775612013.0,0.0219453,0.0251713,0.03399755,0.0406249,0.0662296,0.0164433,0.02098575,0.0291241,0.035820199999999996,0.0619447,0.0039101,0.0039029,0.004641350000000001,0.0051127,0.0151224,0,05_resultados\revisao_operacional\campanha_v1\j00193.mat,campanha_v1
j00194,pesos,carga_faixas,mpc_qp_v5,delta_u,0.1,"{""w_mpc_delta_u"": 5}",0.005499925028630059,0,1,1.527756957333324e-06,0,0,0,0,0,58.93597122191809,57.48605560674572,60,19.57243376667305,394.03771611031834,0,0,0.01957243376667305,400,0,59.70943721173364,0.016928754229688536,546,0,0,2.2737367544323206e-12,333283.200808402,4015243775612013.0,0.0215237,0.0221774,0.032013650000000005,0.03518465,0.0438468,0.0151248,0.01793825,0.02742175,0.0306769,0.0378295,0.0041044,0.0039882,0.004871250000000001,0.00536285,0.0063276,0,05_resultados\revisao_operacional\campanha_v1\j00194.mat,campanha_v1
j00195,pesos,perda_fonte,mpc_qp_v5,delta_u,1,"{""w_mpc_delta_u"": 50}",350.0673643906158,350.0673643906158,1,14.583380890632919,14.583380890632919,150,150,150,150,57.09765980475696,55.703914844740474,60,27.741904277043087,1655.8768161818073,0,1.5833333333333335,0.027741904277043088,500,150,59.3449119390287,0.014570765323362878,733,0,0,0.003397654078071355,333283.200808402,4015243775612013.0,0.0204071,0.0251744,0.0326207,0.03866115,0.0422285,0.0150066,0.0207873,0.02785875,0.0338496,0.0379369,0.0037711,0.004050649999999999,0.00478365,0.0050402,0.0099208,0,05_resultados\revisao_operacional\campanha_v1\j00195.mat,campanha_v1
j00196,pesos,carga_faixas,mpc_qp_v5,delta_u,1,"{""w_mpc_delta_u"": 50}",0.018079005862091435,0,1,5.021946077643592e-06,0,0,0,0,0,58.800152435350384,57.38583268897276,60,19.86108286620929,358.02293969361654,0,0,0.01986108286620929,400,0,59.62722863278806,0.014627091341246512,489,0,0,5.684341886080801e-13,333283.200808402,4015243775612013.0,0.0197038,0.0217677,0.03010485,0.033722749999999996,0.0402883,0.0139624,0.0174688,0.0252723,0.0285549,0.0349441,0.0040803,0.00415255,0.00488835,0.00510285,0.0062226,0,05_resultados\revisao_operacional\campanha_v1\j00196.mat,campanha_v1
j00197,pesos,perda_fonte,mpc_qp_v5,delta_u,10,"{""w_mpc_delta_u"": 500}",350.25815961457727,350.25815961457727,1,14.583515586432208,14.583515586432208,150,150,150,150,56.618747202730525,55.31982606794043,60,29.06725320249286,1863.609299131782,0,0.25,0.02906725320249286,500,150,59.15262580017685,0.009302053792929144,913,0,0,0.0008744200696924054,333283.200808402,4015243775612013.0,0.0192556,0.0221249,0.0312052,0.03776235,0.0455333,0.0136436,0.017825149999999998,0.02676535,0.0331293,0.0412232,0.0039523,0.00398515,0.0046396,0.0049216,0.0081583,0,05_resultados\revisao_operacional\campanha_v1\j00197.mat,campanha_v1
j00198,pesos,carga_faixas,mpc_qp_v5,delta_u,10,"{""w_mpc_delta_u"": 500}",0.025830018219835438,0,1,7.175005065866497e-06,0,0,0,0,0,58.66563714586378,57.326514352435034,60,19.747071528190038,351.79007288116503,0,0,0.01974707152819004,400,0,59.61647546978155,0.009445097990209206,956,0,0,2.2737367544323206e-13,333283.200808402,4015243775612013.0,0.0183415,0.02085405,0.025523900000000002,0.02954375,0.0381226,0.0129726,0.01643115,0.020937749999999998,0.02503135,0.032609,0.0037679,0.0040444999999999995,0.0046095500000000005,0.0048733000000000005,0.0056587,0,05_resultados\revisao_operacional\campanha_v1\j00198.mat,campanha_v1
