ctrl,reference,metric,n,tolerance,mean_difference,median_difference,ci95_mean_low,ci95_mean_high,higher,lower,ties,higher_frequency,higher_binomial_ci95_low,higher_binomial_ci95_high
heuristico,mpc_qp_v5,P_raw_kW,200,0.001,233.5601305257891,242.45553414331292,228.58478840895296,237.81475046731714,200,0,0,1.0,0.9817246596448638,1
heuristico,mpc_qp_v5,E_raw_kWh,200,1e-06,0.16323734397211276,0.16865491920674103,0.15974407554539452,0.16619785957567554,200,0,0,1.0,0.9817246596448638,1
heuristico,mpc_qp_v5,SOC_final,200,1e-06,2.941285894410705,1.0826002415959053,2.596485308550406,3.29019132278544,200,0,0,1.0,0.9817246596448638,1
heuristico,mpc_qp_v5,throughput_kWh,200,1e-06,-7.3100397953157135,-4.33466612908202,-8.226540253808334,-6.417968469985758,11,189,0,0.055,0.027772254552006537,0.09627764443391285
heuristico_foresight,heuristico,P_raw_kW,200,0.001,-177.2575662285209,-218.30918862576195,-188.15254464946187,-166.3466938216236,0,200,0,0.0,0,0.018275340355136237
heuristico_foresight,heuristico,E_raw_kWh,200,1e-06,-0.1251386265707394,-0.15411986418216195,-0.13283016078912485,-0.11743587166589405,0,200,0,0.0,0,0.018275340355136237
heuristico_foresight,heuristico,SOC_final,200,1e-06,-2.125756058885278,-0.5618849355102142,-2.4322822809146474,-1.826284711485427,0,200,0,0.0,0,0.018275340355136237
heuristico_foresight,heuristico,throughput_kWh,200,1e-06,4.076776393852557,2.1787933365088463,3.3592302177334736,4.784886486657361,181,19,0,0.905,0.8556233600231474,0.9418303902748797
heuristico_foresight,mpc_qp_v5,P_raw_kW,200,0.001,56.3025642972682,20.357467081377365,46.58194293920845,66.38148195792499,200,0,0,1.0,0.9817246596448638,1
heuristico_foresight,mpc_qp_v5,E_raw_kWh,200,1e-06,0.03809871740137334,0.013546659698619123,0.0311006264329147,0.045325752628543124,159,41,0,0.795,0.7323460792147148,0.8486894280044806
heuristico_foresight,mpc_qp_v5,SOC_final,200,1e-06,0.8155298355254271,0.5173584751873221,0.7561395040897891,0.8731721881080496,200,0,0,1.0,0.9817246596448638,1
heuristico_foresight,mpc_qp_v5,throughput_kWh,200,1e-06,-3.2332634014631565,-2.3196107289731938,-3.5927090576666867,-2.8559473057073346,15,185,0,0.075,0.042582803737092646,0.1206842253996613
miope_qp,heuristico,P_raw_kW,200,0.001,-0.0006405959480844103,-0.0006405959480844103,-0.0006405959480844103,-0.0006405959480844103,0,0,200,0.0,0,0.018275340355136237
miope_qp,heuristico,E_raw_kWh,200,1e-06,-4.5224188838233204e-07,-4.5224188838233204e-07,-4.5224188838233204e-07,-4.5224188838233204e-07,0,0,200,0.0,0,0.018275340355136237
miope_qp,heuristico,SOC_final,200,1e-06,-0.025018493447582557,-0.025018493447582557,-0.025018493447582557,-0.025018493447582557,0,200,0,0.0,0,0.018275340355136237
miope_qp,heuristico,throughput_kWh,200,1e-06,0.15764484306442128,0.15764484306442128,0.15764484306442128,0.15764484306442128,200,0,0,1.0,0.9817246596448638,1
miope_qp,mpc_qp_v5,P_raw_kW,200,0.001,233.559489929841,242.45489354736483,228.58414781300482,237.814109871369,200,0,0,1.0,0.9817246596448638,1
miope_qp,mpc_qp_v5,E_raw_kWh,200,1e-06,0.16323689173022438,0.16865446696485265,0.15974362330350614,0.16619740733378716,200,0,0,1.0,0.9817246596448638,1
miope_qp,mpc_qp_v5,SOC_final,200,1e-06,2.916267400963122,1.0575817481483227,2.571466815102823,3.265172829337858,200,0,0,1.0,0.9817246596448638,1
miope_qp,mpc_qp_v5,throughput_kWh,200,1e-06,-7.152394952251292,-4.177021286017599,-8.068895410743915,-6.260323626921338,13,187,0,0.065,0.035060708656979044,0.10858723650381519
mpc_qp_estocastico_3cen,heuristico,P_raw_kW,200,0.001,-242.60359900251618,-242.61220310664473,-242.6095624956366,-242.5953461731714,0,200,0,0.0,0,0.018275340355136237
mpc_qp_estocastico_3cen,heuristico,E_raw_kWh,200,1e-06,-0.1707521827099777,-0.17127700384722377,-0.17094414513787923,-0.17051990298383385,0,200,0,0.0,0,0.018275340355136237
mpc_qp_estocastico_3cen,heuristico,SOC_final,200,1e-06,-9.271049083429922,-8.943101094930544,-10.102291728699594,-8.466892324059074,0,200,0,0.0,0,0.018275340355136237
mpc_qp_estocastico_3cen,heuristico,throughput_kWh,200,1e-06,32.00528104817621,28.102050630385424,28.60047961523714,35.567288718388994,190,10,0,0.95,0.9099724622986486,0.9757658345278915
mpc_qp_estocastico_3cen,mpc_qp_v5,P_raw_kW,200,0.001,-9.043468476727062,-0.15664174476665949,-14.017055235910343,-4.791326034254395,0,188,12,0.0,0,0.018275340355136237
mpc_qp_estocastico_3cen,mpc_qp_v5,E_raw_kWh,200,1e-06,-0.007514838737864951,-0.0016027074790780915,-0.011039686716203421,-0.004559031386274597,3,194,3,0.015,0.003104107621553509,0.0432082819177126
mpc_qp_estocastico_3cen,mpc_qp_v5,SOC_final,200,1e-06,-6.329763189019218,-7.933458857959664,-6.845397480801986,-5.813706591529162,0,200,0,0.0,0,0.018275340355136237
mpc_qp_estocastico_3cen,mpc_qp_v5,throughput_kWh,200,1e-06,24.69524125286049,25.70155812016855,21.85189443858663,27.528490685716832,171,29,0,0.855,0.7984385038268202,0.9006913774447924
mpc_qp_v5,heuristico,P_raw_kW,200,0.001,-233.5601305257891,-242.45553414331292,-237.81475046731714,-228.58478840895296,0,200,0,0.0,0,0.018275340355136237
mpc_qp_v5,heuristico,E_raw_kWh,200,1e-06,-0.16323734397211276,-0.16865491920674103,-0.16619785957567554,-0.15974407554539452,0,200,0,0.0,0,0.018275340355136237
mpc_qp_v5,heuristico,SOC_final,200,1e-06,-2.941285894410705,-1.0826002415959053,-3.2901913227854402,-2.596485308550406,0,200,0,0.0,0,0.018275340355136237
mpc_qp_v5,heuristico,throughput_kWh,200,1e-06,7.3100397953157135,4.33466612908202,6.417968469985758,8.226540253808333,189,11,0,0.945,0.9037223555660872,0.9722277454479935
