t_s,P_kW,power_normalized
0.000000000000000000e+00,8.852074886786986099e+02,8.148785390819960339e-01
1.000000000000000000e+00,7.230531575281331698e+02,3.515804500803805799e-01
2.000000000000000000e+00,7.380538645308604373e+02,3.944396129453156541e-01
3.000000000000000000e+00,7.385995783221225111e+02,3.959987952060643468e-01
4.000000000000000000e+00,7.396725966518547466e+02,3.990645618624419355e-01
5.000000000000000000e+00,8.731568195747033769e+02,7.804480559277238161e-01
6.000000000000000000e+00,9.423237784957007079e+02,9.780679385591448671e-01
7.000000000000000000e+00,9.466754451473658492e+02,9.905012718496167823e-01
8.000000000000000000e+00,9.445896889168468533e+02,9.845419683338482164e-01
9.000000000000000000e+00,9.443645107681948048e+02,9.838986021948421534e-01
1.000000000000000000e+01,9.453346003526451113e+02,9.866702867218429818e-01
1.100000000000000000e+01,7.556911487445448756e+02,4.448318535558425380e-01
1.200000000000000000e+01,7.452456895359293867e+02,4.149876843883698041e-01
1.300000000000000000e+01,7.479038092157572919e+02,4.225823120450208914e-01
1.400000000000000000e+01,7.480573593338619958e+02,4.230210266681772024e-01
1.500000000000000000e+01,7.665168071873955569e+02,4.757623062497015054e-01
1.600000000000000000e+01,9.467048167828937721e+02,9.905851908082679014e-01
1.700000000000000000e+01,9.475021173939884420e+02,9.928631925542527048e-01
1.800000000000000000e+01,9.448902359607936887e+02,9.854006741736961450e-01
1.900000000000000000e+01,9.460024729345770993e+02,9.885784940987915048e-01
2.000000000000000000e+01,9.448501723070667140e+02,9.852862065916191403e-01
2.100000000000000000e+01,8.511726438710802540e+02,7.176361253459435652e-01
2.200000000000000000e+01,7.384275059710884079e+02,3.955071599173955454e-01
2.300000000000000000e+01,7.390067384101776042e+02,3.971621097433646330e-01
2.400000000000000000e+01,7.386600733074491245e+02,3.961716380212832456e-01
2.500000000000000000e+01,7.428364810948348804e+02,4.081042316995280861e-01
2.600000000000000000e+01,8.853090494716789181e+02,8.151687127762253793e-01
2.700000000000000000e+01,9.421522004989835750e+02,9.775777157113816340e-01
2.800000000000000000e+01,9.440325131949465458e+02,9.829500376998473454e-01
2.900000000000000000e+01,9.452513981035335746e+02,9.864325660100957682e-01
3.000000000000000000e+01,9.467712176607510628e+02,9.907749076021459267e-01
3.100000000000000000e+01,9.424956315934093709e+02,9.785589474097409202e-01
3.200000000000000000e+01,7.494217962748098216e+02,4.269194179280280665e-01
3.300000000000000000e+01,7.476292148876501642e+02,4.217977568218576612e-01
3.400000000000000000e+01,7.484463567079411632e+02,4.241324477369746715e-01
3.500000000000000000e+01,7.419480066756576662e+02,4.055657333590219071e-01
3.600000000000000000e+01,7.781654988999758871e+02,5.090442825713596964e-01
3.700000000000000000e+01,9.468363691440439425e+02,9.909610546972683620e-01
3.800000000000000000e+01,9.472500741001063034e+02,9.921430688574464085e-01
3.900000000000000000e+01,9.443550853491781254e+02,9.838716724262230873e-01
4.000000000000000000e+01,9.453517085133960336e+02,9.867191671811316178e-01
4.100000000000000000e+01,9.453380543947191654e+02,9.866801554134834173e-01
4.200000000000000000e+01,8.429326079063456518e+02,6.940931654467018541e-01
4.300000000000000000e+01,7.359235906759545287e+02,3.883531162170128503e-01
4.400000000000000000e+01,7.408044292472546886e+02,4.022983692778705489e-01
4.500000000000000000e+01,7.426278465449800024e+02,4.075081329856569679e-01
4.600000000000000000e+01,7.476398311205678056e+02,4.218280889159078950e-01
4.700000000000000000e+01,8.931486809154517914e+02,8.375676597584337246e-01
4.800000000000000000e+01,9.409231004892349119e+02,9.740660013978140741e-01
4.900000000000000000e+01,9.458974447550615423e+02,9.882784135858903030e-01
5.000000000000000000e+01,9.445966610753354189e+02,9.845618887866726121e-01
5.100000000000000000e+01,9.454333452149419372e+02,9.869524148998340962e-01
5.200000000000000000e+01,9.446293595796539648e+02,9.846553130847257584e-01
5.300000000000000000e+01,7.428946182005911396e+02,4.082703377159747071e-01
5.400000000000000000e+01,7.489623505206639038e+02,4.256067157733254835e-01
5.500000000000000000e+01,7.472525514607916648e+02,4.207215756022619213e-01
5.600000000000000000e+01,7.406834203917235300e+02,4.019526296906388296e-01
5.700000000000000000e+01,7.866566044685306451e+02,5.333045841958017341e-01
5.800000000000000000e+01,9.456235425809709341e+02,9.874958359456312840e-01
5.900000000000000000e+01,9.462545684918241022e+02,9.892987671194974908e-01
6.000000000000000000e+01,9.445712982058455509e+02,9.844894234452729043e-01
6.100000000000000000e+01,9.449952719196835460e+02,9.857007769133816488e-01
6.200000000000000000e+01,9.453141428911178537e+02,9.866118368317652321e-01
6.300000000000000000e+01,8.322080249330612105e+02,6.634514998087462923e-01
6.400000000000000000e+01,7.337674091501990006e+02,3.821925975719970281e-01
6.500000000000000000e+01,7.408501788431321984e+02,4.024290824089493124e-01
6.600000000000000000e+01,7.495699153125253815e+02,4.273426151786440252e-01
6.700000000000000000e+01,7.471231536445986876e+02,4.203518675559962947e-01
6.800000000000000000e+01,9.057868068323759871e+02,8.736765909496456706e-01
6.900000000000000000e+01,9.409667342858921302e+02,9.741906693882632640e-01
7.000000000000000000e+01,9.436958180033765302e+02,9.819880514382186565e-01
7.100000000000000000e+01,9.435584250594674813e+02,9.815955001699071536e-01
7.200000000000000000e+01,9.459212763804299584e+02,9.883465039440856303e-01
7.300000000000000000e+01,9.428921664689255522e+02,9.796919041969303077e-01
7.400000000000000000e+01,6.491213169228477682e+02,1.403466197795650294e-01
7.500000000000000000e+01,7.482072982903209777e+02,4.234494236866315209e-01
7.600000000000000000e+01,7.397010336747234760e+02,3.991458104992100520e-01
7.700000000000000000e+01,7.392088754003736994e+02,3.977396440010675382e-01
7.800000000000000000e+01,7.607432979943836244e+02,4.592665656982388711e-01
7.900000000000000000e+01,9.448352084453294992e+02,9.852434527009414911e-01
8.000000000000000000e+01,9.471584135572798004e+02,9.918811815922278230e-01
8.100000000000000000e+01,9.458868957603698391e+02,9.882482736010567148e-01
8.200000000000000000e+01,9.454305069810513942e+02,9.869443056601466813e-01
8.300000000000000000e+01,9.449395206641049754e+02,9.855414876117284395e-01
8.400000000000000000e+01,8.324863784311378367e+02,6.642467955175365146e-01
8.500000000000000000e+01,6.736074259134028352e+02,2.103069311811510134e-01
8.600000000000000000e+01,7.434692130065401443e+02,4.099120371615431746e-01
8.700000000000000000e+01,7.487818624359331352e+02,4.250910355312374489e-01
8.800000000000000000e+01,7.463707097195449478e+02,4.182020277701282707e-01
8.900000000000000000e+01,8.510455036088401357e+02,7.172728674538291216e-01
9.000000000000000000e+01,9.409061289623568882e+02,9.740175113210196578e-01
9.100000000000000000e+01,9.437393848393289773e+02,9.821125281123687101e-01
9.200000000000000000e+01,9.444898755649254554e+02,9.842567873283584179e-01
9.300000000000000000e+01,9.443744069448650862e+02,9.839268769853287688e-01
9.400000000000000000e+01,9.414437728937996326e+02,9.755536368394274183e-01
9.500000000000000000e+01,7.936333142106366267e+02,5.532380406018189145e-01
9.600000000000000000e+01,7.471621934656729991e+02,4.204634099019229909e-01
9.700000000000000000e+01,7.385003877326141719e+02,3.957153935217547769e-01
9.800000000000000000e+01,7.397564287572624835e+02,3.993040821636071880e-01
9.900000000000000000e+01,7.525015299321638622e+02,4.357186569490396066e-01
1.000000000000000000e+02,9.418679096546151186e+02,9.767654561560431548e-01
1.010000000000000000e+02,9.454658990338404010e+02,9.870454258109726542e-01
1.020000000000000000e+02,9.443732734855670969e+02,9.839236385301918242e-01
1.030000000000000000e+02,9.432950214657064407e+02,9.808429184734469564e-01
1.040000000000000000e+02,9.411516402972707738e+02,9.747189722779164844e-01
1.050000000000000000e+02,9.118029018731331234e+02,8.908654339232376929e-01
1.060000000000000000e+02,7.115242649939746116e+02,3.186407571256417159e-01
1.070000000000000000e+02,7.488424603883936470e+02,4.252641725382675375e-01
1.080000000000000000e+02,7.477425076296602811e+02,4.221214503704580068e-01
1.090000000000000000e+02,7.473850149184372640e+02,4.211000426241066075e-01
1.100000000000000000e+02,8.536376251120514098e+02,7.246789288915752580e-01
1.110000000000000000e+02,9.440607272503430067e+02,9.830306492866941470e-01
1.120000000000000000e+02,9.454421103173822303e+02,9.869774580496635252e-01
1.130000000000000000e+02,9.450610083851496483e+02,9.858885953861418194e-01
1.140000000000000000e+02,9.444416536957720609e+02,9.841190105593488058e-01
1.150000000000000000e+02,9.454439778509222378e+02,9.869827938597778294e-01
1.160000000000000000e+02,7.858095625154223853e+02,5.308844643297782051e-01
1.170000000000000000e+02,7.414234054313656088e+02,4.040668726610447403e-01
1.180000000000000000e+02,7.376233813016883687e+02,3.932096608619666811e-01
1.190000000000000000e+02,7.387593422235303251e+02,3.964552634958010136e-01
1.200000000000000000e+02,7.589945647854499384e+02,4.542701851012853620e-01
1.210000000000000000e+02,9.413236078250899936e+02,9.752103080716855166e-01
1.220000000000000000e+02,9.465480611033661944e+02,9.901373174381891129e-01
1.230000000000000000e+02,9.443015782072327511e+02,9.837187948778076674e-01
1.240000000000000000e+02,9.447411839995440914e+02,9.849748114272686150e-01
1.250000000000000000e+02,9.415457298300810862e+02,9.758449423716603066e-01
1.260000000000000000e+02,9.074636885776402551e+02,8.784676816504006780e-01
1.270000000000000000e+02,7.185792390873102704e+02,3.387978259637436373e-01
1.280000000000000000e+02,7.498105099553201853e+02,4.280300284437719149e-01
1.290000000000000000e+02,7.489233486531676363e+02,4.254952818661932867e-01
1.300000000000000000e+02,7.392142717109170462e+02,3.977550620311915974e-01
1.310000000000000000e+02,8.628049085385823673e+02,7.508711672530923309e-01
1.320000000000000000e+02,9.418820359385216534e+02,9.768058169672046986e-01
1.330000000000000000e+02,9.446361624531255075e+02,9.846747498660730624e-01
1.340000000000000000e+02,9.439138396259272668e+02,9.826109703597920575e-01
1.350000000000000000e+02,9.444856055583378520e+02,9.842445873095366782e-01
1.360000000000000000e+02,9.451020013979375562e+02,9.860057182798215303e-01
1.370000000000000000e+02,7.687480440767742493e+02,4.821372687907835575e-01
1.380000000000000000e+02,7.406070951580976498e+02,4.017345575945647229e-01
1.390000000000000000e+02,7.380476483546415238e+02,3.944218524418328098e-01
1.400000000000000000e+02,7.425295668530533248e+02,4.072273338658666253e-01
1.410000000000000000e+02,7.620569873858552228e+02,4.630199639595864447e-01
1.420000000000000000e+02,9.469554493063728842e+02,9.913012837324939319e-01
1.430000000000000000e+02,9.479777682542994626e+02,9.942221950122841490e-01
1.440000000000000000e+02,9.451542571549994136e+02,9.861550204428555233e-01
1.450000000000000000e+02,9.448858843263450353e+02,9.853882409324143943e-01
1.460000000000000000e+02,9.435727332405449488e+02,9.816363806872712150e-01
1.470000000000000000e+02,8.960767071433045885e+02,8.459334489808703061e-01
1.480000000000000000e+02,7.059251966801190292e+02,3.026434190860542439e-01
1.490000000000000000e+02,7.480973142736306727e+02,4.231351836389449783e-01
1.500000000000000000e+02,7.459796369170132948e+02,4.170846769057524606e-01
1.510000000000000000e+02,7.377402587523578177e+02,3.935435964353079519e-01
1.520000000000000000e+02,8.546247826927212827e+02,7.274993791220607520e-01
1.530000000000000000e+02,9.421757629737405750e+02,9.776450370678301249e-01
1.540000000000000000e+02,9.452575580869747682e+02,9.864501659627852304e-01
1.550000000000000000e+02,9.434458953987244740e+02,9.812739868534985366e-01
1.560000000000000000e+02,9.438045329406883184e+02,9.822986655448237014e-01
1.570000000000000000e+02,9.433379885383038754e+02,9.809656815380111139e-01
1.580000000000000000e+02,7.714916793397202355e+02,4.899762266849149728e-01
1.590000000000000000e+02,7.422749364201811204e+02,4.064998183433746748e-01
1.600000000000000000e+02,7.428656953261676108e+02,4.081877009319074823e-01
1.610000000000000000e+02,7.479826115255689274e+02,4.228074615016255144e-01
1.620000000000000000e+02,7.563861650475739680e+02,4.468176144216399748e-01
1.630000000000000000e+02,9.476743391718779321e+02,9.933552547767940943e-01
1.640000000000000000e+02,9.462717937365911212e+02,9.893479821045459977e-01
1.650000000000000000e+02,9.456594248778415022e+02,9.875983567938326768e-01
1.660000000000000000e+02,9.439397234692341954e+02,9.826849241978118377e-01
1.670000000000000000e+02,9.458541545702048552e+02,9.881547273434425627e-01
1.680000000000000000e+02,9.069896881984416268e+02,8.771133948526904645e-01
1.690000000000000000e+02,7.055398467645647997e+02,3.015424193273278930e-01
1.700000000000000000e+02,7.507451667924500498e+02,4.307004765498572141e-01
1.710000000000000000e+02,7.414446969083912791e+02,4.041277054525463375e-01
1.720000000000000000e+02,7.405719178185571536e+02,4.016340509101634093e-01
1.730000000000000000e+02,8.540709753411108522e+02,7.259170724031740463e-01
1.740000000000000000e+02,9.432010221411728708e+02,9.805743489747797970e-01
1.750000000000000000e+02,9.442361485589249241e+02,9.835318530254999470e-01
1.760000000000000000e+02,9.447145500487938534e+02,9.848987144251251102e-01
1.770000000000000000e+02,9.448943971276728462e+02,9.854125632219223885e-01
1.780000000000000000e+02,9.454622603446498488e+02,9.870350295561423071e-01
1.790000000000000000e+02,7.681867229199757503e+02,4.805334940570736291e-01
1.800000000000000000e+02,7.391574774259554488e+02,3.975927926455870565e-01
1.810000000000000000e+02,7.507405752016009046e+02,4.306873577188598534e-01
1.820000000000000000e+02,7.491808778894164789e+02,4.262310796840471094e-01
1.830000000000000000e+02,7.584291482887157372e+02,4.526547093963306789e-01
1.840000000000000000e+02,9.500000000000000000e+02,1.000000000000000000e+00
1.850000000000000000e+02,9.461937939489395148e+02,9.891251255683985999e-01
1.860000000000000000e+02,9.458398674409576188e+02,9.881139069741646797e-01
1.870000000000000000e+02,9.428591439305971562e+02,9.795975540874204412e-01
1.880000000000000000e+02,9.443933461395392897e+02,9.839809889701121026e-01
1.890000000000000000e+02,8.782952410010018411e+02,7.951292600028623259e-01
1.900000000000000000e+02,6.410325352861374313e+02,1.172358151032498463e-01
1.910000000000000000e+02,7.432599430749127123e+02,4.093141230711791478e-01
1.920000000000000000e+02,7.397799260666178043e+02,3.993712173331936399e-01
1.930000000000000000e+02,7.387021009435670749e+02,3.962917169816204122e-01
1.940000000000000000e+02,8.273435062394969464e+02,6.495528749699913673e-01
1.950000000000000000e+02,9.444268663317448045e+02,9.840767609478423550e-01
1.960000000000000000e+02,9.443448652245017456e+02,9.838424720700047477e-01
1.970000000000000000e+02,9.460750001018151352e+02,9.887857145766146827e-01
1.980000000000000000e+02,9.452182351738624675e+02,9.863378147824644060e-01
1.990000000000000000e+02,9.448542613522364491e+02,9.852978895778184976e-01
2.000000000000000000e+02,8.005945654760234902e+02,5.731273299314955105e-01
2.010000000000000000e+02,7.443195240592121991e+02,4.123414973120347327e-01
2.020000000000000000e+02,7.493093773997799190e+02,4.265982211422284509e-01
2.030000000000000000e+02,7.502861418130445372e+02,4.293889766086986803e-01
2.040000000000000000e+02,7.438076912278312420e+02,4.108791177938034278e-01
2.050000000000000000e+02,9.358846552480915761e+02,9.596704435659758614e-01
2.060000000000000000e+02,9.432665660622019459e+02,9.807616173205772059e-01
2.070000000000000000e+02,9.435744957114649196e+02,9.816414163184711272e-01
2.080000000000000000e+02,9.428817776669569639e+02,9.796622219055912684e-01
2.090000000000000000e+02,9.455682169070107648e+02,9.873377625914592226e-01
2.100000000000000000e+02,9.409540329688286420e+02,9.741543799109391166e-01
2.110000000000000000e+02,7.011709595826026771e+02,2.890598845217218216e-01
2.120000000000000000e+02,7.397386476154260890e+02,3.992532789012175343e-01
2.130000000000000000e+02,7.421573366697090250e+02,4.061638190563115480e-01
2.140000000000000000e+02,7.427584829524630550e+02,4.078813798641801047e-01
2.150000000000000000e+02,8.379633014431331048e+02,6.798951469803803382e-01
2.160000000000000000e+02,9.408767225504479939e+02,9.739334930012798486e-01
2.170000000000000000e+02,9.435359022882823865e+02,9.815311493950926724e-01
2.180000000000000000e+02,9.431848938029295368e+02,9.805282680083702296e-01
2.190000000000000000e+02,9.451537589691645280e+02,9.861535970547555818e-01
2.200000000000000000e+02,9.438820846451496891e+02,9.825202418432850138e-01
2.210000000000000000e+02,8.007162173940115508e+02,5.734749068400328831e-01
2.220000000000000000e+02,7.491357731336672714e+02,4.261022089533349488e-01
2.230000000000000000e+02,7.505957799709931351e+02,4.302736570599805521e-01
2.240000000000000000e+02,7.491714363442456488e+02,4.262041038407017313e-01
2.250000000000000000e+02,7.424501192608382780e+02,4.070003407452522093e-01
2.260000000000000000e+02,9.435682003381747336e+02,9.816234295376421448e-01
2.270000000000000000e+02,9.457671661704590633e+02,9.879061890584545091e-01
2.280000000000000000e+02,9.437223890461998508e+02,9.820639687034282694e-01
2.290000000000000000e+02,9.458492293429003439e+02,9.881406552654296016e-01
2.300000000000000000e+02,9.441642581061580586e+02,9.833264517318801579e-01
2.310000000000000000e+02,9.332726776891686313e+02,9.522076505404819535e-01
2.320000000000000000e+02,6.992581661391054695e+02,2.835947603974443565e-01
2.330000000000000000e+02,7.413763149991906403e+02,4.039323285691161503e-01
2.340000000000000000e+02,7.400878787693096683e+02,4.002510821980276301e-01
2.350000000000000000e+02,7.473195752229636355e+02,4.209130720656103497e-01
2.360000000000000000e+02,8.468707495113015966e+02,7.053449986037187980e-01
2.370000000000000000e+02,9.430362867618509881e+02,9.801036764624312392e-01
2.380000000000000000e+02,9.454147956676522426e+02,9.868994161932920228e-01
2.390000000000000000e+02,9.437911661741374019e+02,9.822604747832497374e-01
2.400000000000000000e+02,9.443784409640815056e+02,9.839384027545186040e-01
2.410000000000000000e+02,9.448857157986331003e+02,9.853877594246660543e-01
2.420000000000000000e+02,7.891000581747847491e+02,5.402858804993850850e-01
2.430000000000000000e+02,7.490713557883461817e+02,4.259181593952746092e-01
2.440000000000000000e+02,7.491610581056479532e+02,4.261744517304226765e-01
2.450000000000000000e+02,7.407972226359115666e+02,4.022777789597472009e-01
2.460000000000000000e+02,7.450974627003429305e+02,4.145641791438370860e-01
2.470000000000000000e+02,9.441494800646376007e+02,9.832842287561074368e-01
2.480000000000000000e+02,9.446533394296659480e+02,9.847238269419026357e-01
2.490000000000000000e+02,9.453272766058154275e+02,9.866493617309012309e-01
2.500000000000000000e+02,9.438672243996159068e+02,9.824777839989025097e-01
2.510000000000000000e+02,9.448200657160846276e+02,9.852001877602416524e-01
2.520000000000000000e+02,9.039500103852404891e+02,8.684286011006870920e-01
2.530000000000000000e+02,7.048531903135088896e+02,2.995805437528826776e-01
2.540000000000000000e+02,7.405105393646831544e+02,4.014586838990945594e-01
2.550000000000000000e+02,7.444213245258307552e+02,4.126323557880877679e-01
2.560000000000000000e+02,7.494088874126289284e+02,4.268825354646540449e-01
2.570000000000000000e+02,8.570545851252396687e+02,7.344416717863990751e-01
2.580000000000000000e+02,9.425425947223486673e+02,9.786931277781388827e-01
2.590000000000000000e+02,9.460363071646395383e+02,9.886751633275414619e-01
2.600000000000000000e+02,9.429291321722441808e+02,9.797975204921264281e-01
2.610000000000000000e+02,9.443790907250396458e+02,9.839402592143989823e-01
2.620000000000000000e+02,9.428782702830949347e+02,9.796522008088427436e-01
2.630000000000000000e+02,7.817406681240850048e+02,5.192590517831000563e-01
2.640000000000000000e+02,7.507132448830277553e+02,4.306092710943650315e-01
2.650000000000000000e+02,7.467006334225405908e+02,4.191446669215445064e-01
2.660000000000000000e+02,7.378778874869090032e+02,3.939368213911687011e-01
2.670000000000000000e+02,7.507753649261653663e+02,4.307867569319009937e-01
2.680000000000000000e+02,9.417521549587438585e+02,9.764347284535538352e-01
2.690000000000000000e+02,9.457687591136714218e+02,9.879107403247756602e-01
2.700000000000000000e+02,9.448162994128390437e+02,9.851894268938259369e-01
2.710000000000000000e+02,9.416446773210644778e+02,9.761276494887556332e-01
2.720000000000000000e+02,9.452310940336451495e+02,9.863745543818430717e-01
2.730000000000000000e+02,9.115652157684896792e+02,8.901863307671135095e-01
2.740000000000000000e+02,7.039340474095915852e+02,2.969544211702618286e-01
2.750000000000000000e+02,7.422013355457763737e+02,4.062895301307897222e-01
2.760000000000000000e+02,7.474000681699317283e+02,4.211430519140904605e-01
2.770000000000000000e+02,7.476736162480522125e+02,4.219246178515779211e-01
2.780000000000000000e+02,8.583944514049235295e+02,7.382698611569243896e-01
2.790000000000000000e+02,9.418824751424018586e+02,9.768070718354339155e-01
2.800000000000000000e+02,9.445108325395958673e+02,9.843166643988454645e-01
2.810000000000000000e+02,9.448504079622118752e+02,9.852868798920338955e-01
2.820000000000000000e+02,9.429173899487645940e+02,9.797639712821843982e-01
2.830000000000000000e+02,9.454200067448693972e+02,9.869143049853412730e-01
2.840000000000000000e+02,6.971966853283986438e+02,2.777048152239961487e-01
2.850000000000000000e+02,7.502159250779241120e+02,4.291883573654974304e-01
2.860000000000000000e+02,7.408475242184184708e+02,4.024214977669098303e-01
2.870000000000000000e+02,7.404466486824155709e+02,4.012761390926161131e-01
2.880000000000000000e+02,7.399294871183813029e+02,3.997985346239465998e-01
2.890000000000000000e+02,9.256681560551191978e+02,9.304804458717689242e-01
2.900000000000000000e+02,9.424803119244184018e+02,9.785151769269097022e-01
2.910000000000000000e+02,9.434162629474622008e+02,9.811893227070348500e-01
2.920000000000000000e+02,9.445635013122748660e+02,9.844671466064998100e-01
2.930000000000000000e+02,9.436412627878889907e+02,9.818321793939687181e-01
2.940000000000000000e+02,9.372898311268536418e+02,9.636852317910106214e-01
2.950000000000000000e+02,7.104642528119143208e+02,3.156121508911839402e-01
2.960000000000000000e+02,7.459640887489209717e+02,4.170402535683456202e-01
2.970000000000000000e+02,7.498436275634870753e+02,4.281246501813916194e-01
2.980000000000000000e+02,7.473896358436641094e+02,4.211132452676115689e-01
2.990000000000000000e+02,8.281500145013424117e+02,6.518571842895496404e-01
3.000000000000000000e+02,9.439491529627680393e+02,9.827118656079084635e-01
3.010000000000000000e+02,9.436786365793147979e+02,9.819389616551850164e-01
3.020000000000000000e+02,9.455097177153900248e+02,9.871706220439713242e-01
3.030000000000000000e+02,9.447875543625143564e+02,9.851072981786124227e-01
3.040000000000000000e+02,9.439746524814447639e+02,9.827847213755562805e-01
3.050000000000000000e+02,8.021787963710474969e+02,5.776537039172785493e-01
3.060000000000000000e+02,7.451570816302624962e+02,4.147345189436072443e-01
3.070000000000000000e+02,7.412118662557409152e+02,4.034624750164027551e-01
3.080000000000000000e+02,7.389430738081532581e+02,3.969802108804377228e-01
3.090000000000000000e+02,7.465802827589585604e+02,4.188008078827387126e-01
3.100000000000000000e+02,9.331543097007677261e+02,9.518694562879079779e-01
3.110000000000000000e+02,9.432837389886634583e+02,9.808106828247526998e-01
3.120000000000000000e+02,9.445628790546618347e+02,9.844653687276050391e-01
3.130000000000000000e+02,9.446716783382403264e+02,9.847762238235437948e-01
3.140000000000000000e+02,9.397278930993520589e+02,9.706511231410056562e-01
3.150000000000000000e+02,9.398853901862062230e+02,9.711011148177318697e-01
3.160000000000000000e+02,7.098421440626557342e+02,3.138346973218734681e-01
3.170000000000000000e+02,7.484589242344097784e+02,4.241683549554563504e-01
3.180000000000000000e+02,7.496007068887304285e+02,4.274305911106582867e-01
3.190000000000000000e+02,7.465444976268754544e+02,4.186985646482154211e-01
3.200000000000000000e+02,8.317535488579079583e+02,6.621529967368798841e-01
3.210000000000000000e+02,9.407627236002044810e+02,9.736077817148698355e-01
3.220000000000000000e+02,9.430717923305044224e+02,9.802051209442984581e-01
3.230000000000000000e+02,9.449079180980304500e+02,9.854511945658014360e-01
3.240000000000000000e+02,9.437554852765200621e+02,9.821585293614858436e-01
3.250000000000000000e+02,9.419857964818452274e+02,9.771022756624151429e-01
3.260000000000000000e+02,7.938807648780823456e+02,5.539450425088066066e-01
3.270000000000000000e+02,7.386951533718738574e+02,3.962718667767826108e-01
3.280000000000000000e+02,7.417865169808220571e+02,4.051043342309202377e-01
3.290000000000000000e+02,7.404202249493297359e+02,4.012006427123706032e-01
3.300000000000000000e+02,7.473263630336725782e+02,4.209324658104930950e-01
3.310000000000000000e+02,9.356692412422200960e+02,9.590549749777717015e-01
3.320000000000000000e+02,9.444204495948197291e+02,9.840584274137704757e-01
3.330000000000000000e+02,9.426413878535006461e+02,9.789753938671448275e-01
3.340000000000000000e+02,9.452001703566996866e+02,9.862862010191418838e-01
3.350000000000000000e+02,9.434426803581766308e+02,9.812648010233618878e-01
3.360000000000000000e+02,9.432260399953443084e+02,9.806458285581266532e-01
3.370000000000000000e+02,7.025584882851126167e+02,2.930242522431787400e-01
3.380000000000000000e+02,7.467409304135202319e+02,4.192598011814864800e-01
3.390000000000000000e+02,7.489801898127743698e+02,4.256576851793553717e-01
3.400000000000000000e+02,7.411047616569843512e+02,4.031564618770982489e-01
3.410000000000000000e+02,8.321167436474829628e+02,6.631906961356657249e-01
3.420000000000000000e+02,9.436671215005317208e+02,9.819060614300907375e-01
3.430000000000000000e+02,9.449724724564424605e+02,9.856356355898355792e-01
3.440000000000000000e+02,9.449540311124524123e+02,9.855829460355781668e-01
3.450000000000000000e+02,9.430312744876340503e+02,9.800893556789544991e-01
3.460000000000000000e+02,9.427964364195343023e+02,9.794183897700979857e-01
3.470000000000000000e+02,7.934589017700325257e+02,5.527397193429501865e-01
3.480000000000000000e+02,7.393837696264574788e+02,3.982393417898785759e-01
3.490000000000000000e+02,7.390339545172151929e+02,3.972398700491863721e-01
3.500000000000000000e+02,7.481808486133156748e+02,4.233738531809020933e-01
3.510000000000000000e+02,7.493484654200500472e+02,4.267099012001430713e-01
3.520000000000000000e+02,9.383361098836419387e+02,9.666745996675485397e-01
3.530000000000000000e+02,9.437833680193746204e+02,9.822381943410704030e-01
3.540000000000000000e+02,9.447729137340543275e+02,9.850654678115839946e-01
3.550000000000000000e+02,9.430884681030800039e+02,9.802527660087998473e-01
3.560000000000000000e+02,9.444691376517392882e+02,9.841975361478265683e-01
3.570000000000000000e+02,9.382988424108867775e+02,9.665681211739622913e-01
3.580000000000000000e+02,7.015229302299300116e+02,2.900655149426571988e-01
3.590000000000000000e+02,7.494377218700825551e+02,4.269649196288072268e-01
3.600000000000000000e+02,7.406705661425335165e+02,4.019159032643816465e-01
3.610000000000000000e+02,7.399596412608132141e+02,3.998846893166090322e-01
3.620000000000000000e+02,8.362987496445219904e+02,6.751392846986341567e-01
3.630000000000000000e+02,9.410593385969883684e+02,9.744552531342524082e-01
3.640000000000000000e+02,9.446178819120847265e+02,9.846225197488135406e-01
3.650000000000000000e+02,9.456970473643500554e+02,9.877058496124289100e-01
3.660000000000000000e+02,9.457564802013658891e+02,9.878756577181883047e-01
3.670000000000000000e+02,9.430864962893625716e+02,9.802471322553215627e-01
3.680000000000000000e+02,7.802075916675111102e+02,5.148788333357461333e-01
3.690000000000000000e+02,7.383291743858142127e+02,3.952262125308976803e-01
3.700000000000000000e+02,7.448432454567935110e+02,4.138378441622669879e-01
3.710000000000000000e+02,7.484212087742921540e+02,4.240605964979773934e-01
3.720000000000000000e+02,7.489767001399997071e+02,4.256477146857134408e-01
3.730000000000000000e+02,9.412816285944863921e+02,9.750903674128184040e-01
3.740000000000000000e+02,9.434267303579678128e+02,9.812192295941937203e-01
3.750000000000000000e+02,9.424276581367773815e+02,9.783647375336498309e-01
3.760000000000000000e+02,9.437830950410109381e+02,9.822374144028884757e-01
3.770000000000000000e+02,9.449583932069168668e+02,9.855954091626196734e-01
3.780000000000000000e+02,9.254899750438138426e+02,9.299713572680395890e-01
3.790000000000000000e+02,7.034249521641218053e+02,2.954998633260623175e-01
3.800000000000000000e+02,7.451470827765003833e+02,4.147059507900012765e-01
3.810000000000000000e+02,7.400912682684769379e+02,4.002607664813627730e-01
3.820000000000000000e+02,7.392144679483917571e+02,3.977556227096908370e-01
3.830000000000000000e+02,8.353512416964385920e+02,6.724321191326815272e-01
3.840000000000000000e+02,9.435570491526689239e+02,9.815915690076253419e-01
3.850000000000000000e+02,9.449305470815248782e+02,9.855158488043567200e-01
3.860000000000000000e+02,9.459511837303409720e+02,9.884319535152598091e-01
3.870000000000000000e+02,9.442220304300908538e+02,9.834915155145451671e-01
3.880000000000000000e+02,9.408501695108591321e+02,9.738576271738832446e-01
3.890000000000000000e+02,7.114925489109064074e+02,3.185501397454467698e-01
3.900000000000000000e+02,7.397271800791486385e+02,3.992205145118533083e-01
3.910000000000000000e+02,7.468255271966136206e+02,4.195015062760389934e-01
3.920000000000000000e+02,7.493536965628280768e+02,4.267248473223659855e-01
3.930000000000000000e+02,7.457911724460960841e+02,4.165462069888459795e-01
3.940000000000000000e+02,9.097980143870470329e+02,8.851371839629916805e-01
3.950000000000000000e+02,9.421884601821369642e+02,9.776813148061055392e-01
3.960000000000000000e+02,9.442457812627772000e+02,9.835593750365064780e-01
3.970000000000000000e+02,9.448953556710001749e+02,9.854153019171434380e-01
3.980000000000000000e+02,9.433970052786778524e+02,9.811343007962222140e-01
3.990000000000000000e+02,9.428841829355940263e+02,9.796690941016972243e-01
4.000000000000000000e+02,7.294194306131895473e+02,3.697698017519702174e-01
4.010000000000000000e+02,7.418650611661722678e+02,4.053287461890636711e-01
4.020000000000000000e+02,7.392142078124950331e+02,3.977548794642714047e-01
4.030000000000000000e+02,7.392703633577409619e+02,3.979153238792598191e-01
4.040000000000000000e+02,8.116626276837766909e+02,6.047503648107904750e-01
4.050000000000000000e+02,9.447499581488078775e+02,9.849998804251652862e-01
4.060000000000000000e+02,9.452150207112563294e+02,9.863286306035895512e-01
4.070000000000000000e+02,9.456451804288084304e+02,9.875576583680241161e-01
4.080000000000000000e+02,9.460602597107483689e+02,9.887435991735665786e-01
4.090000000000000000e+02,9.420200902874303210e+02,9.772002579640867159e-01
4.100000000000000000e+02,8.213047807514810756e+02,6.322993735756601286e-01
4.110000000000000000e+02,7.430637880747108284e+02,4.087536802134594249e-01
4.120000000000000000e+02,7.479129469728707136e+02,4.226084199224878768e-01
4.130000000000000000e+02,7.482957619596783161e+02,4.237021770276523380e-01
4.140000000000000000e+02,7.402542343447050825e+02,4.007263838420143665e-01
4.150000000000000000e+02,9.155669189938682848e+02,9.016197685539093509e-01
4.160000000000000000e+02,9.424212165645185451e+02,9.783463330414814418e-01
4.170000000000000000e+02,9.437991033000876087e+02,9.822831522859645226e-01
4.180000000000000000e+02,9.440440255151647762e+02,9.829829300433278183e-01
4.190000000000000000e+02,9.452203321693073121e+02,9.863438061980208671e-01
4.200000000000000000e+02,9.442422928815627756e+02,9.835494082330364929e-01
4.210000000000000000e+02,7.193998505232829075e+02,3.411424300665227283e-01
4.220000000000000000e+02,7.414341384280933198e+02,4.040975383659808351e-01
4.230000000000000000e+02,7.385547314963866938e+02,3.958706614182475048e-01
4.240000000000000000e+02,7.434381441167658977e+02,4.098232689050453903e-01
4.250000000000000000e+02,8.188511711470753198e+02,6.252890604202152591e-01
4.260000000000000000e+02,9.447643478278282601e+02,9.850409937937949501e-01
4.270000000000000000e+02,9.464159945263177178e+02,9.897599843609079517e-01
4.280000000000000000e+02,9.446285985074550808e+02,9.846531385927289604e-01
4.290000000000000000e+02,9.437884092521073853e+02,9.822525978631639898e-01
4.300000000000000000e+02,9.430920102045483873e+02,9.802628862987095015e-01
4.310000000000000000e+02,8.098335573983318909e+02,5.995244497095195690e-01
4.320000000000000000e+02,7.500532426476407863e+02,4.287235504218308013e-01
4.330000000000000000e+02,7.499360981944786317e+02,4.283888519842246057e-01
4.340000000000000000e+02,7.445370593874010865e+02,4.129630268211458843e-01
4.350000000000000000e+02,7.390389811345494309e+02,3.972542318129981820e-01
4.360000000000000000e+02,9.267437256324225245e+02,9.335535018069214264e-01
4.370000000000000000e+02,9.438493917179957862e+02,9.824268334799880487e-01
4.380000000000000000e+02,9.436060585537528596e+02,9.817315958678652921e-01
4.390000000000000000e+02,9.435589056389489997e+02,9.815968732541401343e-01
4.400000000000000000e+02,9.451248669804965630e+02,9.860710485157042626e-01
4.410000000000000000e+02,9.369663438240627329e+02,9.627609823544651668e-01
4.420000000000000000e+02,7.100729248999309675e+02,3.144940711426598146e-01
4.430000000000000000e+02,7.407000567325732163e+02,4.020001620930663266e-01
4.440000000000000000e+02,7.425307995044480549e+02,4.072308557269944673e-01
4.450000000000000000e+02,7.481335653397819669e+02,4.232387581136627386e-01
4.460000000000000000e+02,8.302437444425245303e+02,6.578392698357843349e-01
4.470000000000000000e+02,9.428432552891665637e+02,9.795521579690473768e-01
4.480000000000000000e+02,9.452454024603724747e+02,9.864154356010642610e-01
4.490000000000000000e+02,9.459601599052356278e+02,9.884575997292446292e-01
4.500000000000000000e+02,9.438968315357958545e+02,9.825623758165598076e-01
4.510000000000000000e+02,9.445058841983523052e+02,9.843025262810064513e-01
4.520000000000000000e+02,8.078899642602350468e+02,5.939713264578142526e-01
4.530000000000000000e+02,7.509011110328418681e+02,4.311460315224052708e-01
4.540000000000000000e+02,7.493930400080087111e+02,4.268372571657392811e-01
4.550000000000000000e+02,7.403374337513324690e+02,4.009640964323784029e-01
4.560000000000000000e+02,7.417199797125209670e+02,4.049142277500598075e-01
4.570000000000000000e+02,9.313961385989998689e+02,9.468461102828568121e-01
4.580000000000000000e+02,9.423623111320259795e+02,9.781780318057886614e-01
4.590000000000000000e+02,9.444031029753490429e+02,9.840088656438544801e-01
4.600000000000000000e+02,9.441185712370195233e+02,9.831959178200559979e-01
4.610000000000000000e+02,9.443544462827460393e+02,9.838698465221316081e-01
4.620000000000000000e+02,9.309851441083402506e+02,9.456718403095435432e-01
4.630000000000000000e+02,7.123276982046711510e+02,3.209362805847748579e-01
4.640000000000000000e+02,7.407187519765101342e+02,4.020535770757431293e-01
4.650000000000000000e+02,7.458287485133083692e+02,4.166535671808811458e-01
4.660000000000000000e+02,7.495049902415407814e+02,4.271571149758308650e-01
4.670000000000000000e+02,8.402399266673018019e+02,6.863997904780050341e-01
4.680000000000000000e+02,9.435159999539769160e+02,9.814742855827912615e-01
4.690000000000000000e+02,9.441589660433141944e+02,9.833113315523264175e-01
4.700000000000000000e+02,9.468551988330098084e+02,9.910148538085996606e-01
4.710000000000000000e+02,9.455403772017202755e+02,9.872582205763438257e-01
4.720000000000000000e+02,9.420811496816928639e+02,9.773747133762653583e-01
4.730000000000000000e+02,7.873366279200001827e+02,5.352475083428577252e-01
4.740000000000000000e+02,7.504801078335391367e+02,4.299431652386831448e-01
4.750000000000000000e+02,7.433500713709354386e+02,4.095716324883870718e-01
4.760000000000000000e+02,7.380978462895750454e+02,3.945652751130715452e-01
4.770000000000000000e+02,7.440592433126108745e+02,4.115978380360309496e-01
4.780000000000000000e+02,9.382603495648647822e+02,9.664581416138994241e-01
4.790000000000000000e+02,9.438047539191899205e+02,9.822992969119711537e-01
4.800000000000000000e+02,9.437140460996183720e+02,9.820401317131951524e-01
4.810000000000000000e+02,9.447517455819614725e+02,9.850049873770327924e-01
4.820000000000000000e+02,9.443470474568280224e+02,9.838487070195087725e-01
4.830000000000000000e+02,9.341132886575768453e+02,9.546093961645053527e-01
4.840000000000000000e+02,6.159312424653799098e+02,4.551783561537124656e-02
4.850000000000000000e+02,7.428586753014327542e+02,4.081676437183793249e-01
4.860000000000000000e+02,7.492059428981665405e+02,4.263026939947617278e-01
4.870000000000000000e+02,7.486764835783039871e+02,4.247899530808683655e-01
4.880000000000000000e+02,8.160186953962829648e+02,6.171962725608084455e-01
4.890000000000000000e+02,9.441357817984924168e+02,9.832450908528352906e-01
4.900000000000000000e+02,9.448881455721344764e+02,9.853947016346699117e-01
4.910000000000000000e+02,9.452922927108794511e+02,9.865494077453698107e-01
4.920000000000000000e+02,9.448357140769443276e+02,9.852448973626981577e-01
4.930000000000000000e+02,9.438393993460297224e+02,9.823982838457989697e-01
4.940000000000000000e+02,8.138875343848060311e+02,6.111072410994456972e-01
4.950000000000000000e+02,7.493374196097273625e+02,4.266783417420782487e-01
4.960000000000000000e+02,7.400095537121421785e+02,4.000272963204061227e-01
4.970000000000000000e+02,7.389507984334773028e+02,3.970022812385064492e-01
4.980000000000000000e+02,7.421302767002910059e+02,4.060865048579743730e-01
4.990000000000000000e+02,9.232203018724312642e+02,9.234865767783749790e-01
5.000000000000000000e+02,9.403268292416006489e+02,9.723623692617161529e-01
5.010000000000000000e+02,9.449113659561203349e+02,9.854610455889150078e-01
5.020000000000000000e+02,9.441527284716529493e+02,9.832935099190084349e-01
5.030000000000000000e+02,9.396066323853156064e+02,9.703046639580447108e-01
5.040000000000000000e+02,9.451258177603540389e+02,9.860737650295831047e-01
5.050000000000000000e+02,7.145385269679305793e+02,3.272529341940872971e-01
5.060000000000000000e+02,7.467566575101384387e+02,4.193047357432526656e-01
5.070000000000000000e+02,7.473934931967053217e+02,4.211242662763010070e-01
5.080000000000000000e+02,7.470606152828784161e+02,4.201731865225099560e-01
5.090000000000000000e+02,8.187616255500322495e+02,6.250332158572350361e-01
5.100000000000000000e+02,9.436889116598886176e+02,9.819683190282529894e-01
5.110000000000000000e+02,9.446486312608438993e+02,9.847103750309825765e-01
5.120000000000000000e+02,9.457643516415398608e+02,9.878981475472565776e-01
5.130000000000000000e+02,9.448633649598407374e+02,9.853238998852592578e-01
5.140000000000000000e+02,9.447547878693503662e+02,9.850136796267153771e-01
5.150000000000000000e+02,8.083553434274208485e+02,5.953009812212023411e-01
5.160000000000000000e+02,7.426480875615035302e+02,4.075659644614386123e-01
5.170000000000000000e+02,7.386043058923112312e+02,3.960123025494606264e-01
5.180000000000000000e+02,7.380583380400230453e+02,3.944523944000657423e-01
5.190000000000000000e+02,7.489054814630590045e+02,4.254442327515973177e-01
5.200000000000000000e+02,9.294841975084623300e+02,9.413834214527496691e-01
5.210000000000000000e+02,9.437466778434096568e+02,9.821333652668846614e-01
5.220000000000000000e+02,9.439667285436848942e+02,9.827620815533855136e-01
5.230000000000000000e+02,9.453372414740426848e+02,9.866778327829790474e-01
5.240000000000000000e+02,9.433882656861765099e+02,9.811093305319330549e-01
5.250000000000000000e+02,9.447786789813848145e+02,9.850819399468138116e-01
5.260000000000000000e+02,7.097823417940751369e+02,3.136638336973575081e-01
5.270000000000000000e+02,7.485919086297750482e+02,4.245483103707858308e-01
5.280000000000000000e+02,7.494882810455918616e+02,4.271093744159766281e-01
5.290000000000000000e+02,7.401195231060347623e+02,4.003414945886708542e-01
5.300000000000000000e+02,8.265892502274773506e+02,6.473978577927923528e-01
5.310000000000000000e+02,9.446576196069570415e+02,9.847360560198771262e-01
5.320000000000000000e+02,9.455860777273718440e+02,9.873887935067767740e-01
5.330000000000000000e+02,9.455370397771121134e+02,9.872486850774629952e-01
5.340000000000000000e+02,9.435949042694546733e+02,9.816997264841561543e-01
5.350000000000000000e+02,9.448814873817543685e+02,9.853756782335837405e-01
5.360000000000000000e+02,8.038675447306634396e+02,5.824786992304668010e-01
5.370000000000000000e+02,7.402467277599095041e+02,4.007049364568843197e-01
5.380000000000000000e+02,7.381048596792351191e+02,3.945853133692431847e-01
5.390000000000000000e+02,7.466058617701029334e+02,4.188738907717226567e-01
5.400000000000000000e+02,7.477707133820078980e+02,4.222020382343082412e-01
5.410000000000000000e+02,9.357031078920131222e+02,9.591517368343231986e-01
5.420000000000000000e+02,9.440662585264491327e+02,9.830464529327118672e-01
5.430000000000000000e+02,9.444949392609546521e+02,9.842712550312989750e-01
5.440000000000000000e+02,9.444065611522164545e+02,9.840187461491900489e-01
5.450000000000000000e+02,9.435557384476012430e+02,9.815878241360037615e-01
5.460000000000000000e+02,9.375169985926097524e+02,9.643342816931705919e-01
5.470000000000000000e+02,7.094475487537838490e+02,3.127072821536679981e-01
5.480000000000000000e+02,7.504147901966032350e+02,4.297565434188665434e-01
5.490000000000000000e+02,7.459956631565767111e+02,4.171304661616476728e-01
5.500000000000000000e+02,7.391898125920235998e+02,3.976851788343533367e-01
5.510000000000000000e+02,8.391014935971815021e+02,6.831471245633756739e-01
5.520000000000000000e+02,9.443613224865248412e+02,9.838894928186422417e-01
5.530000000000000000e+02,9.447592535002354452e+02,9.850264385721010374e-01
5.540000000000000000e+02,9.457925251010717602e+02,9.879786431459195439e-01
5.550000000000000000e+02,9.448236170769672526e+02,9.852103345056206773e-01
5.560000000000000000e+02,9.434547045221981989e+02,9.812991557777089868e-01
5.570000000000000000e+02,7.877448148910474401e+02,5.364137568315642257e-01
5.580000000000000000e+02,7.403657525642996688e+02,4.010450073265703907e-01
5.590000000000000000e+02,7.408271987850662299e+02,4.023634251001891315e-01
5.600000000000000000e+02,7.479087598907419761e+02,4.225964568306911917e-01
5.610000000000000000e+02,7.539866935781859638e+02,4.399619816519598769e-01
5.620000000000000000e+02,9.415936034820526856e+02,9.759817242344364097e-01
5.630000000000000000e+02,9.451607260828487824e+02,9.861735030938536539e-01
5.640000000000000000e+02,9.452997987237208690e+02,9.865708534963455456e-01
5.650000000000000000e+02,9.433076177932514383e+02,9.808789079807185285e-01
5.660000000000000000e+02,9.448610125969260025e+02,9.853171788483600091e-01
5.670000000000000000e+02,9.062160187104368561e+02,8.749029106012481405e-01
5.680000000000000000e+02,7.215751621528380610e+02,3.473576061509660029e-01
5.690000000000000000e+02,7.484674700585289884e+02,4.241927715957972689e-01
5.700000000000000000e+02,7.402902747455800636e+02,4.008293564159430833e-01
5.710000000000000000e+02,7.390266697639925724e+02,3.972190564685501579e-01
5.720000000000000000e+02,8.529587678474300674e+02,7.227393367069431251e-01
5.730000000000000000e+02,9.430178591270142761e+02,9.800510260771836402e-01
5.740000000000000000e+02,9.435036159662020054e+02,9.814389027605772142e-01
5.750000000000000000e+02,9.451852646620752694e+02,9.862436133202149291e-01
5.760000000000000000e+02,9.441142904892215029e+02,9.831836871120614996e-01
5.770000000000000000e+02,9.422722000110404679e+02,9.779205714601157950e-01
5.780000000000000000e+02,7.872306130882683419e+02,5.349446088236239349e-01
5.790000000000000000e+02,7.398068969346170434e+02,3.994482769560487312e-01
5.800000000000000000e+02,7.466551211234015000e+02,4.190146317811471732e-01
5.810000000000000000e+02,7.492457663116474578e+02,4.264164751761357897e-01
5.820000000000000000e+02,7.605865239210229447e+02,4.588186397743513889e-01
5.830000000000000000e+02,9.389281380464460653e+02,9.683661087041316451e-01
5.840000000000000000e+02,9.452517686907863208e+02,9.864336248308179789e-01
5.850000000000000000e+02,9.444211126332188542e+02,9.840603218091967808e-01
5.860000000000000000e+02,9.440850972485404782e+02,9.831002778529728259e-01
5.870000000000000000e+02,9.439339736392884106e+02,9.826684961122525985e-01
5.880000000000000000e+02,8.926676290319896907e+02,8.361932258056848921e-01
5.890000000000000000e+02,6.424549225689240757e+02,1.212997787683543632e-01
5.900000000000000000e+02,7.453137774967057112e+02,4.151822214191592253e-01
5.910000000000000000e+02,7.401863458848972641e+02,4.005324168139922092e-01
5.920000000000000000e+02,7.389836700858246559e+02,3.970962002452133044e-01
5.930000000000000000e+02,8.230444929015193338e+02,6.372699797186266446e-01
5.940000000000000000e+02,9.426054898667828184e+02,9.788728281908078976e-01
5.950000000000000000e+02,9.439958858109288258e+02,9.828453880312252311e-01
5.960000000000000000e+02,9.446296311131894754e+02,9.846560888948270307e-01
5.970000000000000000e+02,9.456791219236117740e+02,9.876546340674620117e-01
5.980000000000000000e+02,9.447680405522439742e+02,9.850515444349828842e-01
5.990000000000000000e+02,8.053852360979750529e+02,5.868149602799286324e-01
6.000000000000000000e+02,7.440661075704967971e+02,4.116174502014193215e-01
6.010000000000000000e+02,7.496537003812721878e+02,4.275820010893491285e-01
6.020000000000000000e+02,7.496077393124244281e+02,4.274506837497838996e-01
6.030000000000000000e+02,7.434865024492521570e+02,4.099614355692917655e-01
6.040000000000000000e+02,9.264353137066919999e+02,9.326723248762628371e-01
6.050000000000000000e+02,9.432632878020515363e+02,9.807522508630042157e-01
6.060000000000000000e+02,9.439836646505800672e+02,9.828104704302287331e-01
6.070000000000000000e+02,9.447303371863365555e+02,9.849438205323901574e-01
6.080000000000000000e+02,9.454038096432625480e+02,9.868680275521788392e-01
6.090000000000000000e+02,9.331045115327167423e+02,9.517271758077618937e-01
6.100000000000000000e+02,7.158890597647040295e+02,3.311115993277259362e-01
6.110000000000000000e+02,7.384163567750782704e+02,3.954753050716522944e-01
6.120000000000000000e+02,7.394760868753859313e+02,3.985031053582455685e-01
6.130000000000000000e+02,7.426575499116248693e+02,4.075929997474996291e-01
6.140000000000000000e+02,8.299885065127330108e+02,6.571100186078087102e-01
6.150000000000000000e+02,9.441894982015805908e+02,9.833985662902302582e-01
6.160000000000000000e+02,9.458153317812468686e+02,9.880438050892769164e-01
6.170000000000000000e+02,9.445322528577892172e+02,9.843778653079690022e-01
6.180000000000000000e+02,9.452871700105929449e+02,9.865347714588371675e-01
6.190000000000000000e+02,9.437373149682480289e+02,9.821066141949943429e-01
6.200000000000000000e+02,8.039039324735879291e+02,5.825826642102513997e-01
6.210000000000000000e+02,7.499019268237187816e+02,4.282912194963393038e-01
6.220000000000000000e+02,7.490197611469967569e+02,4.257707461342765121e-01
6.230000000000000000e+02,7.493095244473333878e+02,4.265986412780954917e-01
6.240000000000000000e+02,7.406182436664789748e+02,4.017664104756542565e-01
6.250000000000000000e+02,9.317973536709723703e+02,9.479924390599210327e-01
6.260000000000000000e+02,9.434871275289453934e+02,9.813917929398437989e-01
6.270000000000000000e+02,9.423524144296887926e+02,9.781497555133965571e-01
6.280000000000000000e+02,9.449437726605483476e+02,9.855536361729955175e-01
6.290000000000000000e+02,9.447472553545496794e+02,9.849921581558562789e-01
6.300000000000000000e+02,9.313568539943612450e+02,9.467338685553176036e-01
6.310000000000000000e+02,7.061641365284892800e+02,3.033261043671123258e-01
6.320000000000000000e+02,7.392102331602842469e+02,3.977435233150979355e-01
6.330000000000000000e+02,7.387836909221708765e+02,3.965248312062025771e-01
6.340000000000000000e+02,7.459839075469875525e+02,4.170968787056787419e-01
6.350000000000000000e+02,8.352811121435393034e+02,6.722317489815410330e-01
6.360000000000000000e+02,9.427794291485631675e+02,9.793697975673231193e-01
6.370000000000000000e+02,9.440473389167154892e+02,9.829923969049014776e-01
6.380000000000000000e+02,9.462453269840264056e+02,9.892723628115042134e-01
6.390000000000000000e+02,9.446797553404827568e+02,9.847993009728078784e-01
6.400000000000000000e+02,9.453854852757317531e+02,9.868156722163764494e-01
6.410000000000000000e+02,7.984854862407346445e+02,5.671013892592418060e-01
6.420000000000000000e+02,7.499346397851422807e+02,4.283846851004063372e-01
6.430000000000000000e+02,7.467130882026069685e+02,4.191802520074486837e-01
6.440000000000000000e+02,7.404977404512978865e+02,4.014221155751366288e-01
6.450000000000000000e+02,7.420143712250595627e+02,4.057553463573129737e-01
6.460000000000000000e+02,9.372792726243164907e+02,9.636550646409044463e-01
6.470000000000000000e+02,9.437690175029529200e+02,9.821971928655799378e-01
6.480000000000000000e+02,9.450306471555367125e+02,9.858018490158191316e-01
6.490000000000000000e+02,9.441029967809299706e+02,9.831514193740856777e-01
6.500000000000000000e+02,9.449027910245908970e+02,9.854365457845452037e-01
6.510000000000000000e+02,9.351648589773351432e+02,9.576138827923862396e-01
6.520000000000000000e+02,6.943195424358644914e+02,2.694844069596128433e-01
6.530000000000000000e+02,7.401729599734651401e+02,4.004941713527576108e-01
6.540000000000000000e+02,7.457573631088954471e+02,4.164496088825583309e-01
6.550000000000000000e+02,7.490253201926414022e+02,4.257866291218326271e-01
6.560000000000000000e+02,8.434182603948855785e+02,6.954807439853873952e-01
6.570000000000000000e+02,9.418721250715366295e+02,9.767775002043905808e-01
6.580000000000000000e+02,9.439404399146416154e+02,9.826869711846902833e-01
6.590000000000000000e+02,9.450370426677445721e+02,9.858201219078415178e-01
6.600000000000000000e+02,9.453134012884044068e+02,9.866097179668696926e-01
6.610000000000000000e+02,9.459010349481847015e+02,9.882886712805276641e-01
6.620000000000000000e+02,7.868955772836230835e+02,5.339873636674944413e-01
6.630000000000000000e+02,7.498081818354883126e+02,4.280233766728238631e-01
6.640000000000000000e+02,7.447698048495257126e+02,4.136280138557878461e-01
6.650000000000000000e+02,7.401126930055303319e+02,4.003219800158008823e-01
6.660000000000000000e+02,7.397800955329912540e+02,3.993717015228319678e-01
6.670000000000000000e+02,9.439408505657934256e+02,9.826881444736956794e-01
6.680000000000000000e+02,9.455399617368918825e+02,9.872570335339767578e-01
6.690000000000000000e+02,9.438493145542402090e+02,9.824266130121146468e-01
6.700000000000000000e+02,9.456714323781908433e+02,9.876326639376881156e-01
6.710000000000000000e+02,9.440687710530548884e+02,9.830536315801567948e-01
6.720000000000000000e+02,9.209999853672738936e+02,9.171428153350680290e-01
6.730000000000000000e+02,6.000000000000000000e+02,0.000000000000000000e+00
6.740000000000000000e+02,7.067129993347490426e+02,3.048942838135686451e-01
6.750000000000000000e+02,7.059181340209763675e+02,3.026232400599325745e-01
6.760000000000000000e+02,7.050236181167716722e+02,3.000674803336332297e-01
6.770000000000000000e+02,6.360756976635831279e+02,1.030734218959518944e-01
6.780000000000000000e+02,7.257924130743784872e+02,3.594068944982243274e-01
6.790000000000000000e+02,7.439750067425561610e+02,4.113571621215891261e-01
6.800000000000000000e+02,7.469624791366958334e+02,4.198927975334166285e-01
6.810000000000000000e+02,7.448779839014873687e+02,4.139370968613926838e-01
6.820000000000000000e+02,7.244850340325780280e+02,3.556715258073658847e-01
6.830000000000000000e+02,7.344360872603679127e+02,3.841031064581942323e-01
6.840000000000000000e+02,7.396734676870146359e+02,3.990670505343276719e-01
6.850000000000000000e+02,7.433524278650128281e+02,4.095783653286081405e-01
6.860000000000000000e+02,6.699571554760892695e+02,1.998775870745408412e-01
6.870000000000000000e+02,7.233886724511016837e+02,3.525390641460048879e-01
6.880000000000000000e+02,7.361873996099317310e+02,3.891068560283763578e-01
6.890000000000000000e+02,7.367980621479289312e+02,3.908516061369399219e-01
6.900000000000000000e+02,7.425792148660912062e+02,4.073691853316889766e-01
6.910000000000000000e+02,8.743371644588678464e+02,7.838204698824797756e-01
6.920000000000000000e+02,9.423450152617758704e+02,9.781286150336451213e-01
6.930000000000000000e+02,9.451631670449746707e+02,9.861804772713563816e-01
6.940000000000000000e+02,9.461930820896050136e+02,9.891230916845858978e-01
6.950000000000000000e+02,9.452955851523458932e+02,9.865588147209883862e-01
6.960000000000000000e+02,9.444805398698689487e+02,9.842301139139112420e-01
6.970000000000000000e+02,7.605225208737157345e+02,4.586357739249020127e-01
6.980000000000000000e+02,7.480135630668239628e+02,4.228958944766399997e-01
6.990000000000000000e+02,7.470460050108467840e+02,4.201314428881336993e-01
7.000000000000000000e+02,7.398666882799237783e+02,3.996191093712107012e-01
7.010000000000000000e+02,7.625593926965748324e+02,4.644554077044995011e-01
7.020000000000000000e+02,9.456989977684295354e+02,9.877114221955128892e-01
7.030000000000000000e+02,9.463814160722795350e+02,9.896611887779417360e-01
7.040000000000000000e+02,9.464180208623694170e+02,9.897657738924839910e-01
7.050000000000000000e+02,9.431795720303078951e+02,9.805130629437368572e-01
7.060000000000000000e+02,9.427411068531923775e+02,9.792603052948354314e-01
7.070000000000000000e+02,8.277934870106423659e+02,6.508385343161211534e-01
7.080000000000000000e+02,6.759006030711851736e+02,2.168588659176718947e-01
7.090000000000000000e+02,7.374243283761149996e+02,3.926409382174713136e-01
7.100000000000000000e+02,7.389049031277791073e+02,3.968711517936545086e-01
7.110000000000000000e+02,7.449065201392812696e+02,4.140186289693751354e-01
7.120000000000000000e+02,8.509570055018342600e+02,7.170200157195263380e-01
7.130000000000000000e+02,9.434208601582906795e+02,9.812024575951160399e-01
7.140000000000000000e+02,9.452338862236226760e+02,9.863825320674936004e-01
7.150000000000000000e+02,9.441842894751143831e+02,9.833836842146127522e-01
7.160000000000000000e+02,9.442925268793749183e+02,9.836929339410711570e-01
7.170000000000000000e+02,9.445352854014183777e+02,9.843865297183382879e-01
7.180000000000000000e+02,7.875077820722846127e+02,5.357365202065274001e-01
7.190000000000000000e+02,7.492457058039019557e+02,4.264163022968627814e-01
7.200000000000000000e+02,7.456313261012871862e+02,4.160895031465349225e-01
7.210000000000000000e+02,7.360393164421208212e+02,3.886837612632022543e-01
7.220000000000000000e+02,7.453514433224548839e+02,4.152898380641568132e-01
7.230000000000000000e+02,9.419868572270154345e+02,9.771053063629012714e-01
7.240000000000000000e+02,9.448309522136089527e+02,9.852312920388828221e-01
7.250000000000000000e+02,9.456225204151660364e+02,9.874929154719027657e-01
7.260000000000000000e+02,9.436040121925011590e+02,9.817257491214320675e-01
7.270000000000000000e+02,9.457358672166069482e+02,9.878167634760197657e-01
7.280000000000000000e+02,8.973520647351555226e+02,8.495773278147300545e-01
7.290000000000000000e+02,7.162183397542586363e+02,3.320523992978818284e-01
7.300000000000000000e+02,7.380287861243061798e+02,3.943679603551606960e-01
7.310000000000000000e+02,7.440695458125230743e+02,4.116272737500660805e-01
7.320000000000000000e+02,7.469015175018234913e+02,4.197186214337815247e-01
7.330000000000000000e+02,8.632071735473798526e+02,7.520204958496566894e-01
7.340000000000000000e+02,9.436391114714515425e+02,9.818260327755758965e-01
7.350000000000000000e+02,9.438270726809037114e+02,9.823630648025819534e-01
7.360000000000000000e+02,9.454707340970080622e+02,9.870592402771657392e-01
7.370000000000000000e+02,9.455094772045658829e+02,9.871699348701881149e-01
7.380000000000000000e+02,9.446743787856185008e+02,9.847839393874814329e-01
7.390000000000000000e+02,7.698157819022471813e+02,4.851879482921349074e-01
7.400000000000000000e+02,7.477387586715319685e+02,4.221107390615200239e-01
7.410000000000000000e+02,7.416337342765224321e+02,4.046678122186354587e-01
7.420000000000000000e+02,7.380530358089746414e+02,3.944372451684989844e-01
7.430000000000000000e+02,7.566997574998844129e+02,4.477135928568126144e-01
7.440000000000000000e+02,9.448244518736013333e+02,9.852127196388609232e-01
7.450000000000000000e+02,9.456684002672085398e+02,9.876240007634530249e-01
7.460000000000000000e+02,9.448441082214781090e+02,9.852688806327943860e-01
7.470000000000000000e+02,9.445539829100544011e+02,9.844399511715842266e-01
7.480000000000000000e+02,9.444422839113417467e+02,9.841208111752622889e-01
7.490000000000000000e+02,8.869793971654554525e+02,8.199411347584442122e-01
7.500000000000000000e+02,7.118477358043338654e+02,3.195649594409538108e-01
7.510000000000000000e+02,7.403865826738473288e+02,4.011045219252781791e-01
7.520000000000000000e+02,7.469524737805284076e+02,4.198642108015097074e-01
7.530000000000000000e+02,7.461267442392575049e+02,4.175049835407358412e-01
7.540000000000000000e+02,8.754050675989503816e+02,7.868716217112866618e-01
7.550000000000000000e+02,9.418887777103404915e+02,9.768250791724013560e-01
7.560000000000000000e+02,9.445020213420432356e+02,9.842914895486951643e-01
7.570000000000000000e+02,9.451275222162209957e+02,9.860786349034883491e-01
7.580000000000000000e+02,9.458520018950823669e+02,9.881485768430923189e-01
7.590000000000000000e+02,9.463102642980627479e+02,9.894578979944650410e-01
7.600000000000000000e+02,7.604235121625423517e+02,4.583528918929781204e-01
7.610000000000000000e+02,7.476056602153777249e+02,4.217304577582220437e-01
7.620000000000000000e+02,7.393388738573324872e+02,3.981110681638070359e-01
7.630000000000000000e+02,7.385086802100545356e+02,3.957390863144414350e-01
7.640000000000000000e+02,7.682929512796627023e+02,4.808370036561792626e-01
7.650000000000000000e+02,9.486134402784025497e+02,9.960384007954360408e-01
7.660000000000000000e+02,9.474767969379361148e+02,9.927908483941032536e-01
7.670000000000000000e+02,9.464943722948632967e+02,9.899839208424667802e-01
7.680000000000000000e+02,9.455899943744270786e+02,9.873999839269343992e-01
7.690000000000000000e+02,9.429528011834871677e+02,9.798651462385347122e-01
7.700000000000000000e+02,8.507112419941247481e+02,7.163178342689279221e-01
7.710000000000000000e+02,7.356105073403380175e+02,3.874585924009658622e-01
7.720000000000000000e+02,7.480855233097861401e+02,4.231014951708173544e-01
7.730000000000000000e+02,7.485757773551370065e+02,4.245022210146770503e-01
7.740000000000000000e+02,7.436917145852918338e+02,4.105477559579767122e-01
7.750000000000000000e+02,8.858731006005142490e+02,8.167802874300407190e-01
7.760000000000000000e+02,9.411650248642622500e+02,9.747572138978921608e-01
7.770000000000000000e+02,9.451570081844463402e+02,9.861628805269894160e-01
7.780000000000000000e+02,9.441744718247871333e+02,9.833556337851061535e-01
7.790000000000000000e+02,9.454841571369966005e+02,9.870975918199901278e-01
7.800000000000000000e+02,9.428244000822046473e+02,9.794982859491563332e-01
7.810000000000000000e+02,7.444626089246322636e+02,4.127503112132349661e-01
7.820000000000000000e+02,7.400247525669361721e+02,4.000707216198176597e-01
7.830000000000000000e+02,7.380829223719338188e+02,3.945226353483823334e-01
7.840000000000000000e+02,7.384904760566071218e+02,3.956870744474487167e-01
7.850000000000000000e+02,7.901140866348621330e+02,5.431831046710347000e-01
7.860000000000000000e+02,9.464142760251903610e+02,9.897550743576867260e-01
7.870000000000000000e+02,9.462484510700190867e+02,9.892812887714830250e-01
7.880000000000000000e+02,9.452238972699871056e+02,9.863539921999632254e-01
7.890000000000000000e+02,9.453876832364094298e+02,9.868219521040270115e-01
7.900000000000000000e+02,9.437123644214827891e+02,9.820353269185224665e-01
7.910000000000000000e+02,8.364187283731405387e+02,6.754820810661157360e-01
7.920000000000000000e+02,7.468780350370722090e+02,4.196515286773491171e-01
7.930000000000000000e+02,7.492716210893011066e+02,4.264903459694319166e-01
7.940000000000000000e+02,7.459793396383673780e+02,4.170838275381926197e-01
7.950000000000000000e+02,7.360188263580087096e+02,3.886252181657389726e-01
7.960000000000000000e+02,9.031388836901583090e+02,8.661110962575951921e-01
7.970000000000000000e+02,9.421856904097550114e+02,9.776734011707285399e-01
7.980000000000000000e+02,9.447471231976029458e+02,9.849917805645798108e-01
7.990000000000000000e+02,9.434392687601489342e+02,9.812550536004254198e-01
8.000000000000000000e+02,9.432571518422630561e+02,9.807347195493232306e-01
8.010000000000000000e+02,9.450560306618151571e+02,9.858743733194716974e-01
8.020000000000000000e+02,7.251330636351078738e+02,3.575230389574510226e-01
8.030000000000000000e+02,7.394805653292750094e+02,3.985159009407856501e-01
8.040000000000000000e+02,7.382252568501726273e+02,3.949293052862073994e-01
8.050000000000000000e+02,7.475622861352558175e+02,4.216065318150165053e-01
8.060000000000000000e+02,8.073682570518133161e+02,5.924807344337521542e-01
8.070000000000000000e+02,9.460049117470861120e+02,9.885854621345318005e-01
8.080000000000000000e+02,9.441887588900905257e+02,9.833964539716872899e-01
8.090000000000000000e+02,9.463163880513623099e+02,9.894753944324635730e-01
8.100000000000000000e+02,9.461641720607735806e+02,9.890404916022101922e-01
8.110000000000000000e+02,9.443898652728992147e+02,9.839710436368550583e-01
8.120000000000000000e+02,7.493685443525935170e+02,4.267672695788385373e-01
8.130000000000000000e+02,7.410565363863270250e+02,4.030186753895056428e-01
8.140000000000000000e+02,7.484254970953743396e+02,4.240728488439265420e-01
8.150000000000000000e+02,7.409684170441757942e+02,4.027669058405023983e-01
8.160000000000000000e+02,7.369155160061715151e+02,3.911871885890614853e-01
8.170000000000000000e+02,8.831075829647909359e+02,8.088788084708311565e-01
8.180000000000000000e+02,9.418300645310744130e+02,9.766573272316412258e-01
8.190000000000000000e+02,9.420369865648598307e+02,9.772485330424566241e-01
8.200000000000000000e+02,9.422058388415011905e+02,9.777309681185749612e-01
8.210000000000000000e+02,9.443537010482868936e+02,9.838677172808197868e-01
8.220000000000000000e+02,9.443112223421805993e+02,9.837463495490874621e-01
8.230000000000000000e+02,7.404937045920179344e+02,4.014105845486225510e-01
8.240000000000000000e+02,7.374642724812824781e+02,3.927550642322357177e-01
8.250000000000000000e+02,7.420119021266881418e+02,4.057482917905375075e-01
8.260000000000000000e+02,7.468737048642587979e+02,4.196391567550250556e-01
8.270000000000000000e+02,7.818179147079881659e+02,5.194797563085377101e-01
8.280000000000000000e+02,9.446852969670865150e+02,9.848151341916758783e-01
8.290000000000000000e+02,9.461171652242154551e+02,9.889061863549012399e-01
8.300000000000000000e+02,9.445320859880528133e+02,9.843773885372939514e-01
8.310000000000000000e+02,9.412331680918614438e+02,9.749519088338900463e-01
8.320000000000000000e+02,9.446486038386544806e+02,9.847102966818701564e-01
8.330000000000000000e+02,8.473473317152856907e+02,7.067066620436733837e-01
8.340000000000000000e+02,7.412961640151146412e+02,4.037033257574703105e-01
8.350000000000000000e+02,7.444382895084952452e+02,4.126808271671293937e-01
8.360000000000000000e+02,7.355387269753393866e+02,3.872535056438268786e-01
8.370000000000000000e+02,7.381636515601135216e+02,3.947532901717530351e-01
8.380000000000000000e+02,8.887128178923514952e+02,8.248937654067187708e-01
8.390000000000000000e+02,9.413231672323445309e+02,9.752090492352698536e-01
8.400000000000000000e+02,9.437647850350498402e+02,9.821851001001423720e-01
8.410000000000000000e+02,9.460909521207283888e+02,9.888312917735094798e-01
8.420000000000000000e+02,9.446480422295428525e+02,9.847086920844081437e-01
8.430000000000000000e+02,9.439202628762874383e+02,9.826293225036784040e-01
8.440000000000000000e+02,7.435267994464334151e+02,4.100765698469527876e-01
8.450000000000000000e+02,7.371833096276745891e+02,3.919523132219274730e-01
8.460000000000000000e+02,7.462137721803449040e+02,4.177536348009853739e-01
8.470000000000000000e+02,7.452371387577031783e+02,4.149632535934375532e-01
8.480000000000000000e+02,7.952855247363800117e+02,5.579586421039429700e-01
8.490000000000000000e+02,9.459078409789892703e+02,9.883081170828265094e-01
8.500000000000000000e+02,9.455364480829123295e+02,9.872469945226067800e-01
8.510000000000000000e+02,9.455454950594961474e+02,9.872728430271318079e-01
8.520000000000000000e+02,9.453725695805394480e+02,9.867787702301127339e-01
8.530000000000000000e+02,9.433723055941735538e+02,9.810637302690673467e-01
8.540000000000000000e+02,8.343326734645952456e+02,6.695219241845578040e-01
8.550000000000000000e+02,7.442003448276748259e+02,4.120009852219280733e-01
8.560000000000000000e+02,7.411618565856390433e+02,4.033195902446828907e-01
8.570000000000000000e+02,7.368144545824454781e+02,3.908984416641297921e-01
8.580000000000000000e+02,7.379526777463943290e+02,3.941505078468411361e-01
8.590000000000000000e+02,9.024008821621644074e+02,8.640025204633267064e-01
8.600000000000000000e+02,9.399811600779596574e+02,9.713747430798849170e-01
8.610000000000000000e+02,9.453944205195134600e+02,9.868412014843241931e-01
8.620000000000000000e+02,9.448363712571015185e+02,9.852467750202898999e-01
8.630000000000000000e+02,9.446937773667849569e+02,9.848393639050998516e-01
8.640000000000000000e+02,9.426752699482703974e+02,9.790721998522010638e-01
8.650000000000000000e+02,7.300179872846049420e+02,3.714799636702996732e-01
8.660000000000000000e+02,7.433854968692653529e+02,4.096728481979010628e-01
8.670000000000000000e+02,7.464089139064287792e+02,4.183111825897963265e-01
8.680000000000000000e+02,7.468057904629396262e+02,4.194451156083989218e-01
8.690000000000000000e+02,7.929263016909484350e+02,5.512180048312811387e-01
8.700000000000000000e+02,9.453631731195799830e+02,9.867519231987998962e-01
8.710000000000000000e+02,9.469008192046071599e+02,9.911451977274492453e-01
8.720000000000000000e+02,9.455276275930693828e+02,9.872217931230552468e-01
8.730000000000000000e+02,9.441116014807070087e+02,9.831760042305914826e-01
8.740000000000000000e+02,9.445964432848199976e+02,9.845612665280569775e-01
8.750000000000000000e+02,8.175177054870739539e+02,6.214791585344970892e-01
8.760000000000000000e+02,7.431965825252618743e+02,4.091330929293196528e-01
8.770000000000000000e+02,7.376132876938636400e+02,3.931808219824673989e-01
8.780000000000000000e+02,7.375429406334168334e+02,3.929798303811910531e-01
8.790000000000000000e+02,7.438728928194468608e+02,4.110654080555625756e-01
8.800000000000000000e+02,9.091128648276571766e+02,8.831796137933063395e-01
8.810000000000000000e+02,9.405738490384082979e+02,9.730681401097381888e-01
8.820000000000000000e+02,9.424674152857168110e+02,9.784783293877622468e-01
8.830000000000000000e+02,9.436523794708270998e+02,9.818639413452201481e-01
8.840000000000000000e+02,9.444437937860991497e+02,9.841251251031403191e-01
8.850000000000000000e+02,9.460330274260450096e+02,9.886657926458426449e-01
8.860000000000000000e+02,7.257775983337306798e+02,3.593645666678020323e-01
8.870000000000000000e+02,7.465591599925738819e+02,4.187404571216397642e-01
8.880000000000000000e+02,7.474048964459543640e+02,4.211568469884409693e-01
8.890000000000000000e+02,7.413318200721458879e+02,4.038052002061311985e-01
8.900000000000000000e+02,8.029769908336566004e+02,5.799342595247332088e-01
8.910000000000000000e+02,9.441855986803111591e+02,9.833874248008891428e-01
8.920000000000000000e+02,9.463584531192441318e+02,9.895955803406977225e-01
8.930000000000000000e+02,9.461680613842489720e+02,9.890516039549971383e-01
8.940000000000000000e+02,9.437229561322334348e+02,9.820655889492383439e-01
8.950000000000000000e+02,9.434175192043511515e+02,9.811929120124318615e-01
8.960000000000000000e+02,8.205097474306429604e+02,6.300278498018370144e-01
8.970000000000000000e+02,7.346536441706562073e+02,3.847246976304463106e-01
8.980000000000000000e+02,7.353129942993977011e+02,3.866085551411362897e-01
8.990000000000000000e+02,7.377754362120239193e+02,3.936441034629254987e-01
9.000000000000000000e+02,7.427552341766622703e+02,4.078720976476066240e-01
9.010000000000000000e+02,7.314920320602894890e+02,3.756915201722557662e-01
9.020000000000000000e+02,7.418240307648966336e+02,4.052115164711333484e-01
9.030000000000000000e+02,7.356953107862401566e+02,3.877008879606861913e-01
9.040000000000000000e+02,7.342469431806762259e+02,3.835626948019320581e-01
9.050000000000000000e+02,7.280135420203687318e+02,3.657529772010535973e-01
9.060000000000000000e+02,7.440235966661322209e+02,4.114959904746635089e-01
9.070000000000000000e+02,7.451090105746284280e+02,4.145971730703668645e-01
9.080000000000000000e+02,7.382964349293540636e+02,3.951326712267259622e-01
9.090000000000000000e+02,7.324610749680838353e+02,3.784602141945251352e-01
9.100000000000000000e+02,7.203713460638551851e+02,3.439181316110146991e-01
9.110000000000000000e+02,7.439234417370448682e+02,4.112098335344137601e-01
9.120000000000000000e+02,7.449825010753631886e+02,4.142357173581804330e-01
9.130000000000000000e+02,7.451805554546136818e+02,4.148015870131820382e-01
9.140000000000000000e+02,8.380979620141622490e+02,6.802798914690350029e-01
9.150000000000000000e+02,9.417722211616564891e+02,9.764920604618755329e-01
9.160000000000000000e+02,9.445517624020865242e+02,9.844336068631044379e-01
9.170000000000000000e+02,9.448154939925711915e+02,9.851871256930604392e-01
9.180000000000000000e+02,9.460652039891372169e+02,9.887577256832493777e-01
9.190000000000000000e+02,9.459782029400980718e+02,9.885091512574228911e-01
9.200000000000000000e+02,7.851945000767930196e+02,5.291271430765512873e-01
9.210000000000000000e+02,7.396588647524778253e+02,3.990253278642224011e-01
9.220000000000000000e+02,7.366264405785683493e+02,3.903612587959096047e-01
9.230000000000000000e+02,7.379946546923715687e+02,3.942704419782043779e-01
9.240000000000000000e+02,7.501944962511490758e+02,4.291271321461402888e-01
9.250000000000000000e+02,9.397986606819572444e+02,9.708533162341637102e-01
9.260000000000000000e+02,9.449232853503312981e+02,9.854951010009463941e-01
9.270000000000000000e+02,9.443866277484814873e+02,9.839617935670901261e-01
9.280000000000000000e+02,9.452369505712549653e+02,9.863912873464426578e-01
9.290000000000000000e+02,9.445178138891080835e+02,9.843366111117375361e-01
9.300000000000000000e+02,9.032606981792605438e+02,8.664591376550302426e-01
9.310000000000000000e+02,6.357324728919206791e+02,1.020927796912019098e-01
9.320000000000000000e+02,7.467716969732742882e+02,4.193477056379266155e-01
9.330000000000000000e+02,7.478371612931498476e+02,4.223918894089995768e-01
9.340000000000000000e+02,7.413365181522988223e+02,4.038186232922823526e-01
9.350000000000000000e+02,8.218306567267826495e+02,6.338018763622361718e-01
9.360000000000000000e+02,9.446626322158490439e+02,9.847503777595688623e-01
9.370000000000000000e+02,9.444118573785569879e+02,9.840338782244484328e-01
9.380000000000000000e+02,9.458812411002118097e+02,9.882321174291766042e-01
9.390000000000000000e+02,9.437426803975820349e+02,9.821219439930916062e-01
9.400000000000000000e+02,9.440686228701340497e+02,9.830532082003829997e-01
9.410000000000000000e+02,7.997102601956597709e+02,5.706007434161708414e-01
9.420000000000000000e+02,7.361571616158048528e+02,3.890204617594423264e-01
9.430000000000000000e+02,7.367479003557681381e+02,3.907082867307660745e-01
9.440000000000000000e+02,7.403909517446754762e+02,4.011170049847870289e-01
9.450000000000000000e+02,7.486372903774233691e+02,4.246779725069240730e-01
9.460000000000000000e+02,9.329215767276335782e+02,9.512045049360958737e-01
9.470000000000000000e+02,9.432280286805839751e+02,9.806515105159543388e-01
9.480000000000000000e+02,9.415095170714378128e+02,9.757414773469653690e-01
9.490000000000000000e+02,9.451239990790064667e+02,9.860685687971613156e-01
9.500000000000000000e+02,9.444952820167748087e+02,9.842722343336420820e-01
9.510000000000000000e+02,9.309460284384060742e+02,9.455600812525888355e-01
9.520000000000000000e+02,7.084698555693095159e+02,3.099138730551701526e-01
9.530000000000000000e+02,7.486925355893772576e+02,4.248358159696492553e-01
9.540000000000000000e+02,7.438134492406455820e+02,4.108955692589873476e-01
9.550000000000000000e+02,7.354400330548485272e+02,3.869715230138530693e-01
9.560000000000000000e+02,8.320586452209803383e+02,6.630247006313724212e-01
9.570000000000000000e+02,9.420769972310042704e+02,9.773628492314405669e-01
9.580000000000000000e+02,9.467005627525152249e+02,9.905730364357580031e-01
9.590000000000000000e+02,9.437942806527603352e+02,9.822693732936012001e-01
9.600000000000000000e+02,9.446834280273308195e+02,9.848097943638024487e-01
9.610000000000000000e+02,9.455779786102085609e+02,9.873656531720244045e-01
9.620000000000000000e+02,7.962042113794545912e+02,5.605834610841557986e-01
9.630000000000000000e+02,7.367300565738432852e+02,3.906573044966952790e-01
9.640000000000000000e+02,7.388555538453119880e+02,3.967301538437484343e-01
9.650000000000000000e+02,7.450232248571900300e+02,4.143520710205430002e-01
9.660000000000000000e+02,7.508570510337608539e+02,4.310201458107451589e-01
9.670000000000000000e+02,9.399859805601117841e+02,9.713885158860334768e-01
9.680000000000000000e+02,9.439264213917351753e+02,9.826469182621004883e-01
9.690000000000000000e+02,9.440583509707726080e+02,9.830238599164933255e-01
9.700000000000000000e+02,9.446674583692622491e+02,9.847641667693208811e-01
9.710000000000000000e+02,9.449190034379943199e+02,9.854828669656979789e-01
9.720000000000000000e+02,9.307755172921902158e+02,9.450729065491146885e-01
9.730000000000000000e+02,7.042044980524708535e+02,2.977271372927737803e-01
9.740000000000000000e+02,7.470206764046173475e+02,4.200590754417637962e-01
9.750000000000000000e+02,7.400413669240117542e+02,4.001181912114622485e-01
9.760000000000000000e+02,7.363985568716033185e+02,3.897101624902952755e-01
9.770000000000000000e+02,8.472727200834760879e+02,7.064934859527887134e-01
9.780000000000000000e+02,9.413963743462645652e+02,9.754182124178987223e-01
9.790000000000000000e+02,9.449718338644599953e+02,9.856338110413142006e-01
9.800000000000000000e+02,9.433991087958323760e+02,9.811403108452353417e-01
9.810000000000000000e+02,9.451362685023310632e+02,9.861036242923745254e-01
9.820000000000000000e+02,9.421819101915331203e+02,9.776626005472374148e-01
9.830000000000000000e+02,7.888575261030487127e+02,5.395929317229964939e-01
9.840000000000000000e+02,7.378716026946369766e+02,3.939188648418198713e-01
9.850000000000000000e+02,7.427429617160870521e+02,4.078370334745344272e-01
9.860000000000000000e+02,7.451814033790170697e+02,4.148040096543344490e-01
9.870000000000000000e+02,7.507274493032912233e+02,4.306498551522605078e-01
9.880000000000000000e+02,9.467145507558475401e+02,9.906130021595641599e-01
9.890000000000000000e+02,9.465310094083253034e+02,9.900885983095009113e-01
9.900000000000000000e+02,9.446440455310005291e+02,9.846972729457159623e-01
9.910000000000000000e+02,9.439308820954599923e+02,9.826596631298855078e-01
9.920000000000000000e+02,9.434945630068789342e+02,9.814130371625110483e-01
9.930000000000000000e+02,8.968046472053722482e+02,8.480132777296349733e-01
9.940000000000000000e+02,7.196927544974276998e+02,3.419792985640790484e-01
9.950000000000000000e+02,7.441882912420164757e+02,4.119665464057613025e-01
9.960000000000000000e+02,7.353631288330417419e+02,3.867517966658335360e-01
9.970000000000000000e+02,7.355577868510270036e+02,3.873079624315057812e-01
9.980000000000000000e+02,8.555821300847412658e+02,7.302346573849750611e-01
9.990000000000000000e+02,9.423702301575344791e+02,9.782006575929557135e-01
1.000000000000000000e+03,9.467508969912618113e+02,9.907168485464623586e-01
1.001000000000000000e+03,9.452229166771271593e+02,9.863511905060777796e-01
1.002000000000000000e+03,9.452594343337364080e+02,9.864555266678182166e-01
1.003000000000000000e+03,9.458451832860009745e+02,9.881290951028599556e-01
1.004000000000000000e+03,7.730916133897083000e+02,4.945474668277378139e-01
1.005000000000000000e+03,7.387577064192906846e+02,3.964505897694018399e-01
1.006000000000000000e+03,7.449213829742875532e+02,4.140610942122503468e-01
1.007000000000000000e+03,7.442521769019502926e+02,4.121490768627151802e-01
1.008000000000000000e+03,7.580217455358265397e+02,4.514907015309329585e-01
1.009000000000000000e+03,9.441037659760531824e+02,9.831536170744376024e-01
1.010000000000000000e+03,9.462769795030385467e+02,9.893627985801103364e-01
1.011000000000000000e+03,9.442537602856671128e+02,9.835821722447634086e-01
1.012000000000000000e+03,9.444698081418034690e+02,9.841994518337240372e-01
1.013000000000000000e+03,9.440186445904880657e+02,9.829104131156799484e-01
1.014000000000000000e+03,8.842428348213035179e+02,8.121223852037243729e-01
1.015000000000000000e+03,7.285357371270520161e+02,3.672449632201486014e-01
1.016000000000000000e+03,7.379204753596336559e+02,3.940585010275248212e-01
1.017000000000000000e+03,7.373949171440864347e+02,3.925569061259612802e-01
1.018000000000000000e+03,7.379436220899028740e+02,3.941246345425797881e-01
1.019000000000000000e+03,8.700982022548657824e+02,7.717091492996165369e-01
1.020000000000000000e+03,9.426282935681108484e+02,9.789379816231736919e-01
1.021000000000000000e+03,9.441893378187994585e+02,9.833981080537129715e-01
1.022000000000000000e+03,9.438790844958374464e+02,9.825116699881070170e-01
1.023000000000000000e+03,9.459760892403818389e+02,9.885031121153766698e-01
1.024000000000000000e+03,9.447626644383767598e+02,9.850361841096476612e-01
1.025000000000000000e+03,7.593269457993288825e+02,4.552198451409396052e-01
1.026000000000000000e+03,7.474802948561566609e+02,4.213722710175902830e-01
1.027000000000000000e+03,7.449022975625643994e+02,4.140065644644698728e-01
1.028000000000000000e+03,7.432600842779461345e+02,4.093145265084173756e-01
1.029000000000000000e+03,7.607352312172745314e+02,4.592435177636413624e-01
1.030000000000000000e+03,9.460065401090303112e+02,9.885901145972292303e-01
1.031000000000000000e+03,9.460110643007963063e+02,9.886030408594181917e-01
1.032000000000000000e+03,9.449593912362147421e+02,9.855982606748993069e-01
1.033000000000000000e+03,9.458282658999677324e+02,9.880807597141935128e-01
1.034000000000000000e+03,9.423633231919588980e+02,9.781809234055969249e-01
1.035000000000000000e+03,8.367719053377052205e+02,6.764911581077293068e-01
1.036000000000000000e+03,6.685536680898323993e+02,1.958676231138067880e-01
1.037000000000000000e+03,7.384863847520977060e+02,3.956753850059933630e-01
1.038000000000000000e+03,7.388803186022354339e+02,3.968009102921013498e-01
1.039000000000000000e+03,7.454547815124244607e+02,4.155850900354986499e-01
1.040000000000000000e+03,8.472523731366728725e+02,7.064353518190653602e-01
1.041000000000000000e+03,9.434777502129475124e+02,9.813650006084214672e-01
1.042000000000000000e+03,9.456127952954630018e+02,9.874651294156086001e-01
1.043000000000000000e+03,9.445665719819266997e+02,9.844759199483618106e-01
1.044000000000000000e+03,9.451756892868588693e+02,9.862162551053108572e-01
1.045000000000000000e+03,9.451728261595080767e+02,9.862080747414517790e-01
1.046000000000000000e+03,7.796911372418023802e+02,5.134032492622926380e-01
1.047000000000000000e+03,7.472677133333824031e+02,4.207648952382354590e-01
1.048000000000000000e+03,7.446657684379977127e+02,4.133307669657078076e-01
1.049000000000000000e+03,7.423408524337392009e+02,4.066881498106834636e-01
1.050000000000000000e+03,7.503455689649258602e+02,4.295587684712165455e-01
1.051000000000000000e+03,9.420720800345098951e+02,9.773488000985997015e-01
1.052000000000000000e+03,9.472148308448942089e+02,9.920423738425548921e-01
1.053000000000000000e+03,9.461303141840579656e+02,9.889437548115941334e-01
1.054000000000000000e+03,9.448512512013778633e+02,9.852892891467938119e-01
1.055000000000000000e+03,9.434176990778241816e+02,9.811934259366407174e-01
1.056000000000000000e+03,9.024968844751695087e+02,8.642768127861983896e-01
1.057000000000000000e+03,7.108554583470561283e+02,3.167298809915889968e-01
1.058000000000000000e+03,7.384220695909292544e+02,3.954916274026550327e-01
1.059000000000000000e+03,7.424588550120066657e+02,4.070253000343047045e-01
1.060000000000000000e+03,7.466522795520871796e+02,4.190065130059633658e-01
1.061000000000000000e+03,8.615968199819685651e+02,7.474194856627673911e-01
1.062000000000000000e+03,9.421434653751373389e+02,9.775527582146782413e-01
1.063000000000000000e+03,9.458918678689583430e+02,9.882624796255953248e-01
1.064000000000000000e+03,9.442790752277505817e+02,9.836545006507159128e-01
1.065000000000000000e+03,9.437754681353544584e+02,9.822156232438696843e-01
1.066000000000000000e+03,9.437630530336053880e+02,9.821801515245868197e-01
1.067000000000000000e+03,7.737497523757699582e+02,4.964278639307713736e-01
1.068000000000000000e+03,7.480636432545766183e+02,4.230389807273618463e-01
1.069000000000000000e+03,7.446214412889389678e+02,4.132041179683969001e-01
1.070000000000000000e+03,7.382363715491874245e+02,3.949610615691069859e-01
1.071000000000000000e+03,7.555125927536804511e+02,4.443216935819441771e-01
1.072000000000000000e+03,9.472151728968356110e+02,9.920433511338161425e-01
1.073000000000000000e+03,9.457201686285235382e+02,9.877719103672101264e-01
1.074000000000000000e+03,9.447163577974208692e+02,9.849038794212026104e-01
1.075000000000000000e+03,9.452401673241995468e+02,9.864004780691416618e-01
1.076000000000000000e+03,9.459141662586089296e+02,9.883261893103110207e-01
1.077000000000000000e+03,8.804820526476133864e+02,8.013772932788953973e-01
1.078000000000000000e+03,7.170073259768154230e+02,3.343066456480439652e-01
1.079000000000000000e+03,7.386873775992887659e+02,3.962496502836821977e-01
1.080000000000000000e+03,7.474590649787835446e+02,4.213116142250959983e-01
1.081000000000000000e+03,7.480617870211390255e+02,4.230336772032542436e-01
1.082000000000000000e+03,8.788300587707291243e+02,7.966573107735117620e-01
1.083000000000000000e+03,9.422924781423984086e+02,9.779785089782810914e-01
1.084000000000000000e+03,9.453665255383484691e+02,9.867615015381382415e-01
1.085000000000000000e+03,9.446110906070325655e+02,9.846031160200928722e-01
1.086000000000000000e+03,9.446670212480510145e+02,9.847629178515743265e-01
1.087000000000000000e+03,9.454689278294226824e+02,9.870540795126362399e-01
1.088000000000000000e+03,7.561739309088570735e+02,4.462112311681629140e-01
1.089000000000000000e+03,7.460505851692697661e+02,4.172873861979135568e-01
1.090000000000000000e+03,7.395347064620912079e+02,3.986705898916890201e-01
1.091000000000000000e+03,7.370925226219136448e+02,3.916929217768962412e-01
1.092000000000000000e+03,7.663443158417383074e+02,4.752694738335381253e-01
1.093000000000000000e+03,9.477338248330343049e+02,9.935252138086694274e-01
1.094000000000000000e+03,9.478736650032442412e+02,9.939247571521265812e-01
1.095000000000000000e+03,9.464420754931237525e+02,9.898345014089250382e-01
1.096000000000000000e+03,9.450303405280739071e+02,9.858009729373540253e-01
1.097000000000000000e+03,9.456522932874692060e+02,9.875779808213405175e-01
1.098000000000000000e+03,8.532695629734246268e+02,7.236273227812131115e-01
1.099000000000000000e+03,7.333612637835215082e+02,3.810321822386328328e-01
1.100000000000000000e+03,7.440416373150922027e+02,4.115475351859775310e-01
1.101000000000000000e+03,7.479796695286040631e+02,4.227990557960117912e-01
1.102000000000000000e+03,7.474693094737389174e+02,4.213408842106827201e-01
1.103000000000000000e+03,8.898381443483601743e+02,8.281089838524576807e-01
1.104000000000000000e+03,9.422763488266543845e+02,9.779324252190125799e-01
1.105000000000000000e+03,9.439772718816068391e+02,9.827922053760196341e-01
1.106000000000000000e+03,9.445085411965114872e+02,9.843101177043183103e-01
1.107000000000000000e+03,9.446204663271798836e+02,9.846299037919423736e-01
1.108000000000000000e+03,9.419829547610588634e+02,9.770941564601683949e-01
1.109000000000000000e+03,7.477174264290428027e+02,4.220497897972650403e-01
1.110000000000000000e+03,7.398645342601801076e+02,3.996129550290860588e-01
1.111000000000000000e+03,7.376668533327739397e+02,3.933338666650684212e-01
1.112000000000000000e+03,7.371167146506769541e+02,3.917620418590769260e-01
1.113000000000000000e+03,7.894041602644592786e+02,5.411547436127408517e-01
1.114000000000000000e+03,9.461544226037185581e+02,9.890126360106245018e-01
1.115000000000000000e+03,9.467261856075710966e+02,9.906462445930604988e-01
1.116000000000000000e+03,9.450319250468969585e+02,9.858055001339912637e-01
1.117000000000000000e+03,9.461174384773371457e+02,9.889069670781059918e-01
1.118000000000000000e+03,9.440882779830606069e+02,9.831093656658875801e-01
1.119000000000000000e+03,8.350002906569395691e+02,6.714294018769701999e-01
1.120000000000000000e+03,7.393679357271464596e+02,3.981941020775613405e-01
1.121000000000000000e+03,7.454597374439600799e+02,4.155992498398859425e-01
1.122000000000000000e+03,7.448776256796493271e+02,4.139360733704265938e-01
1.123000000000000000e+03,7.373635564594345624e+02,3.924673041698130138e-01
1.124000000000000000e+03,7.232127767116079440e+02,3.520365048903082994e-01
1.125000000000000000e+03,7.345851154917012309e+02,3.845289014048605680e-01
1.126000000000000000e+03,7.403724296212612899e+02,4.010640846321750219e-01
1.127000000000000000e+03,7.435152542804584073e+02,4.100435836584526705e-01
1.128000000000000000e+03,7.348472295531631744e+02,3.852777987233232393e-01
1.129000000000000000e+03,7.352769464571647404e+02,3.865055613061850748e-01
1.130000000000000000e+03,7.337911513116895321e+02,3.822604323191128306e-01
1.131000000000000000e+03,7.329298962280071237e+02,3.797997035085917128e-01
1.132000000000000000e+03,7.423376335601786877e+02,4.066789530290820243e-01
1.133000000000000000e+03,7.279031902102664162e+02,3.654376863150469723e-01
1.134000000000000000e+03,7.456002516353428291e+02,4.160007189581222398e-01
1.135000000000000000e+03,7.402556004691307407e+02,4.007302870546594065e-01
1.136000000000000000e+03,7.370027603305873072e+02,3.914364580873924693e-01
1.137000000000000000e+03,8.158648357264468132e+02,6.167566735041336567e-01
1.138000000000000000e+03,9.445428888300612016e+02,9.844082538001748262e-01
1.139000000000000000e+03,9.450864611564528559e+02,9.859613175898653825e-01
1.140000000000000000e+03,9.454777488040139133e+02,9.870792822971825586e-01
1.141000000000000000e+03,9.446718975597127610e+02,9.847768501706078981e-01
1.142000000000000000e+03,9.437152033578354349e+02,9.820434381652439759e-01
1.143000000000000000e+03,8.034269783559171856e+02,5.812199381597633607e-01
1.144000000000000000e+03,7.383970905798330477e+02,3.954202587995228613e-01
1.145000000000000000e+03,7.448822107425700096e+02,4.139491735502000003e-01
1.146000000000000000e+03,7.452591712216737960e+02,4.150262034904964037e-01
1.147000000000000000e+03,7.438644768476128775e+02,4.110413624217511552e-01
1.148000000000000000e+03,9.350885672882498056e+02,9.573959065378566669e-01
1.149000000000000000e+03,9.424648093164853435e+02,9.784708837613869115e-01
1.150000000000000000e+03,9.425790601977231518e+02,9.787973148506375898e-01
1.151000000000000000e+03,9.443191954109446442e+02,9.837691297455560813e-01
1.152000000000000000e+03,9.434758617933098321e+02,9.813596051237422069e-01
1.153000000000000000e+03,9.395725025819435814e+02,9.702071502341245157e-01
1.154000000000000000e+03,6.184515199780573766e+02,5.271862850873521716e-02
1.155000000000000000e+03,7.399505756252652873e+02,3.998587875007578729e-01
1.156000000000000000e+03,7.382887676105592618e+02,3.951107646015977748e-01
1.157000000000000000e+03,7.351289232428425748e+02,3.860826378366928879e-01
1.158000000000000000e+03,8.025833816413265822e+02,5.788096618323615994e-01
1.159000000000000000e+03,9.459486981605225537e+02,9.884248518872073008e-01
1.160000000000000000e+03,9.447714972865026084e+02,9.850614208185788367e-01
1.161000000000000000e+03,9.444765222565819158e+02,9.842186350188054655e-01
1.162000000000000000e+03,9.442795387784115064e+02,9.836558250811756610e-01
1.163000000000000000e+03,9.449336157604709570e+02,9.855246164584882118e-01
1.164000000000000000e+03,8.185258857466313884e+02,6.243596735618039961e-01
1.165000000000000000e+03,7.416778966623285214e+02,4.047939904637957165e-01
1.166000000000000000e+03,7.461299447917531324e+02,4.175141279764374991e-01
1.167000000000000000e+03,7.491885102800391678e+02,4.262528865143976886e-01
1.168000000000000000e+03,7.392587316987455779e+02,3.978820905678444042e-01
1.169000000000000000e+03,9.174618336290632215e+02,9.070338103687518583e-01
1.170000000000000000e+03,9.433525540529317368e+02,9.810072972940908631e-01
1.171000000000000000e+03,9.445606810819457451e+02,9.844590888055592126e-01
1.172000000000000000e+03,9.446465303517239818e+02,9.847043724334970660e-01
1.173000000000000000e+03,9.456416624640369264e+02,9.875476070401056905e-01
1.174000000000000000e+03,9.433348287757692106e+02,9.809566536450549101e-01
1.175000000000000000e+03,7.129406439510435121e+02,3.226875541458384955e-01
1.176000000000000000e+03,7.371274214563914029e+02,3.917926327325469416e-01
1.177000000000000000e+03,7.363738439351373017e+02,3.896395541003922491e-01
1.178000000000000000e+03,7.430667100842815671e+02,4.087620288122331136e-01
1.179000000000000000e+03,8.195147909071010872e+02,6.271851168774318364e-01
1.180000000000000000e+03,9.442021635052863076e+02,9.834347528722464649e-01
1.181000000000000000e+03,9.466124514058240038e+02,9.903212897309257023e-01
1.182000000000000000e+03,9.453863020982040553e+02,9.868180059948687965e-01
1.183000000000000000e+03,9.452170613455630246e+02,9.863344609873229141e-01
1.184000000000000000e+03,9.451396677443847238e+02,9.861133364125279632e-01
1.185000000000000000e+03,8.092971559689452761e+02,5.979918741969864060e-01
1.186000000000000000e+03,7.443956246930804355e+02,4.125589276945156314e-01
1.187000000000000000e+03,7.470973733254078297e+02,4.202782095011651231e-01
1.188000000000000000e+03,7.447932959246609244e+02,4.136951312133167469e-01
1.189000000000000000e+03,7.389776139489290472e+02,3.970788969969402116e-01
1.190000000000000000e+03,9.256605173631555772e+02,9.304586210375872524e-01
1.191000000000000000e+03,9.431478713956084903e+02,9.804224897017383977e-01
1.192000000000000000e+03,9.452978495888430643e+02,9.865652845395517234e-01
1.193000000000000000e+03,9.440949148321287794e+02,9.831283280917963996e-01
1.194000000000000000e+03,9.434811503770131367e+02,9.813747153628945563e-01
1.195000000000000000e+03,9.417216836856498503e+02,9.763476676732855131e-01
1.196000000000000000e+03,7.023412421891081294e+02,2.924035491117374375e-01
1.197000000000000000e+03,7.372927012492129961e+02,3.922648607120370889e-01
1.198000000000000000e+03,7.381649279918369757e+02,3.947569371195341903e-01
1.199000000000000000e+03,7.449013388217705369e+02,4.140038252050586842e-01
1.200000000000000000e+03,8.328126539896802569e+02,6.651790113990864173e-01
